CO_ENTIDADE,CO_MUNICIPIO,TP_LOCALIZACAO,TF,PS,PC,DS,DC,ES,EC,AD
11000368,1100205,Rural,3,13,6,7,8,3,1,95
11000449,1100205,Rural,0,0,2,0,0,0,0,85
11000465,1100205,Rural,1,0,0,1,2,0,3,100
11000546,1100205,Rural,0,0,0,0,0,0,0,80
11000635,1100205,Rural,0,0,0,2,1,0,0,85
11000724,1100205,Rural,2,0,1,0,0,2,2,100
11000864,1100205,Rural,0,0,0,0,0,0,0,100
11000899,1100205,Rural,0,0,0,0,0,0,0,90
11000945,1100205,Rural,4,2,0,0,0,11,3,90
11001011,1100205,Rural,0,0,0,0,0,0,0,100
11001070,1100205,Rural,0,0,0,0,0,6,0,100
11001100,1100205,Rural,1,0,0,0,0,0,0,100
11001151,1100205,Rural,0,0,0,0,0,0,0,100
11001186,1100205,Rural,0,0,0,0,0,0,0,100
11001208,1100205,Rural,0,0,0,0,0,0,0,100
11001216,1100205,Rural,2,0,0,0,0,0,0,55
11001224,1100205,Rural,0,0,0,0,0,0,0,80
11001267,1100205,Rural,0,0,0,0,0,0,0,100
11001313,1100205,Rural,1,4,1,0,0,1,1,95
11001348,1100205,Rural,0,0,0,0,0,0,0,100
11001399,1100205,Rural,0,0,0,0,0,0,0,95
11001445,1100205,Rural,0,0,0,0,0,0,0,80
11001461,1100205,Rural,0,0,0,0,0,0,0,85
11001500,1100205,Rural,5,0,0,0,0,2,0,100
11001534,1100205,Rural,0,0,0,0,0,0,0,100
11001607,1100205,Rural,0,0,0,0,0,0,0,100
11001615,1100205,Rural,2,0,0,0,0,5,0,100
11001623,1100205,Rural,0,0,0,0,0,0,0,100
11001798,1100205,Rural,1,1,1,0,0,2,0,100
11001895,1100205,Rural,0,0,0,0,0,0,0,100
11001917,1100205,Rural,3,0,0,0,0,1,0,100
11002026,1100205,Rural,0,0,0,0,0,0,0,75
11002042,1100205,Rural,0,0,0,0,0,0,0,80
11002182,1100205,Rural,2,0,11,0,0,0,0,90
11002204,1100205,Rural,0,0,1,0,0,0,0,95
11002263,1100205,Rural,0,0,0,0,0,0,0,100
11002409,1100205,Rural,0,0,0,0,0,0,0,100
11002425,1100205,Rural,0,0,0,0,0,0,0,100
11002433,1100205,Rural,0,0,0,0,0,0,0,100
11002450,1100205,Rural,1,0,0,0,0,0,0,10
11003308,1100205,Rural,0,0,0,0,0,0,0,55
11003324,1100205,Rural,0,0,0,0,0,0,0,90
11003359,1100205,Rural,0,0,0,0,0,0,0,100
11003367,1100205,Rural,0,0,0,0,0,0,0,100
11003383,1100205,Rural,1,0,5,0,0,0,0,100
11003391,1100205,Rural,0,0,0,0,0,0,0,100
11003456,1100205,Rural,0,0,0,0,0,0,0,100
11003464,1100205,Rural,0,0,0,0,0,0,0,100
11003472,1100205,Rural,1,0,6,0,0,0,0,100
11003480,1100205,Rural,0,0,0,0,0,0,0,100
11003499,1100205,Rural,0,0,0,0,0,0,0,100
11003529,1100205,Rural,0,0,3,0,0,0,0,100
11003537,1100205,Rural,0,0,0,0,0,0,0,100
11003561,1100205,Rural,2,0,11,0,0,0,0,100
11003669,1100205,Rural,0,0,0,0,0,0,0,100
11003677,1100205,Rural,0,0,0,0,0,0,0,100
11003693,1100205,Rural,1,0,1,0,1,0,0,100
11003774,1100205,Rural,0,0,0,0,0,0,0,100
11037539,1100205,Rural,0,0,0,0,0,0,0,100
11037580,1100205,Rural,0,0,0,0,0,0,0,100
11037652,1100205,Rural,0,0,0,0,0,0,0,100
11037725,1100205,Rural,0,0,0,0,0,0,0,100
11037814,1100205,Rural,0,0,5,0,0,0,0,100
11037881,1100205,Rural,1,0,0,0,0,1,0,100
11038039,1100205,Rural,0,0,0,0,0,0,0,100
11040440,1100205,Rural,0,0,0,0,0,0,0,100
11040475,1100205,Rural,0,0,0,0,0,0,0,100
11040483,1100205,Rural,0,0,0,0,0,0,0,100
11040491,1100205,Rural,1,0,0,0,0,0,0,100
11040505,1100205,Rural,0,0,0,0,0,0,0,100
11040548,1100205,Rural,0,0,0,0,0,0,0,100
11040556,1100205,Rural,0,0,0,0,0,0,0,100
11040580,1100205,Rural,0,0,0,0,0,0,0,100
11040610,1100205,Rural,0,0,0,0,0,0,0,100
11041765,1100205,Rural,0,0,0,0,0,0,0,100
11043881,1100205,Rural,0,2,0,0,3,0,0,100
11043997,1100205,Rural,0,0,0,0,0,0,0,100
11045809,1100205,Rural,0,0,0,0,0,0,0,100
11045825,1100205,Rural,0,0,0,0,0,0,0,100
11045868,1100205,Rural,0,0,0,0,0,0,0,100
11045884,1100205,Rural,0,0,0,0,0,0,0,100
11045892,1100205,Rural,5,0,0,0,1,0,0,100
11046589,1100205,Rural,0,0,0,0,0,0,0,100
11046651,1100205,Rural,0,0,0,0,0,0,0,100
11046660,1100205,Rural,0,0,0,0,0,0,0,100
11047690,1100205,Rural,0,0,0,0,0,0,0,100
11047836,1100205,Rural,3,0,0,0,0,1,0,100
11048336,1100205,Rural,0,0,0,0,0,0,0,100
11049154,1100205,Rural,0,0,0,0,0,0,0,100
11049189,1100205,Rural,0,0,0,0,0,0,0,100
11116811,1100205,Rural,0,0,0,0,0,0,0,100
11117818,1100205,Rural,0,0,0,0,0,0,0,100
11117834,1100205,Rural,0,0,0,0,0,0,0,100
11000040,1100205,Urbana,0,0,0,0,0,0,0,100
11000201,1100205,Urbana,2,0,0,0,0,0,0,100
11000309,1100205,Urbana,0,0,0,0,0,0,0,100
11000473,1100205,Urbana,0,0,0,0,0,0,0,100
11000562,1100205,Urbana,2,0,0,0,1,0,0,100
11000651,1100205,Urbana,0,0,0,0,0,0,0,100
11000660,1100205,Urbana,0,0,0,0,0,0,0,100
11000996,1100205,Urbana,1,1,0,0,0,0,0,100
11001003,1100205,Urbana,0,0,0,0,0,0,0,100
11001038,1100205,Urbana,0,0,0,0,0,0,0,100
11001275,1100205,Urbana,0,0,0,0,0,0,0,100
11001658,1100205,Urbana,0,0,0,0,0,0,0,100
11001666,1100205,Urbana,2,0,0,1,0,0,0,100
11001828,1100205,Urbana,0,0,0,2,0,0,0,100
11001968,1100205,Urbana,0,0,0,0,0,0,0,100
11002085,1100205,Urbana,0,0,0,0,0,0,0,100
11002093,1100205,Urbana,3,0,0,0,0,0,0,100
11002158,1100205,Urbana,0,0,0,0,0,0,0,100
11002280,1100205,Urbana,0,0,0,0,0,0,0,100
11002310,1100205,Urbana,0,0,0,0,0,0,0,100
11002719,1100205,Urbana,1,0,0,0,0,0,0,100
11002778,1100205,Urbana,0,0,0,0,0,0,0,100
11002883,1100205,Urbana,0,0,0,0,0,0,0,100
11002956,1100205,Urbana,0,0,0,0,0,0,0,100
11002999,1100205,Urbana,0,0,0,0,0,0,0,100
11003006,1100205,Urbana,0,0,0,0,0,0,0,100
11003138,1100205,Urbana,0,0,0,0,0,0,0,100
11037482,1100205,Urbana,0,0,0,0,0,0,0,100
11037512,1100205,Urbana,0,0,0,0,0,0,0,100
11037598,1100205,Urbana,0,0,0,0,0,0,0,100
11037636,1100205,Urbana,0,0,0,0,0,0,0,100
11037644,1100205,Urbana,0,0,0,0,0,0,0,100
11037733,1100205,Urbana,1,1,0,0,0,0,1,100
11037865,1100205,Urbana,0,1,0,0,0,0,0,100
11040920,1100205,Urbana,0,0,0,0,0,0,0,100
11041048,1100205,Urbana,0,0,0,0,0,0,0,100
11041056,1100205,Urbana,0,0,0,0,0,0,0,100
11041064,1100205,Urbana,0,0,0,0,0,0,0,100
11043938,1100205,Urbana,0,0,0,0,0,0,0,100
11043989,1100205,Urbana,0,0,0,0,0,0,0,100
11044004,1100205,Urbana,0,0,0,0,0,0,0,100
11044012,1100205,Urbana,0,0,0,0,0,0,0,100
11045167,1100205,Urbana,0,0,0,0,0,0,0,100
11045175,1100205,Urbana,0,0,0,0,0,0,0,100
11047178,1100205,Urbana,0,0,0,0,0,0,0,100
11047682,1100205,Urbana,0,0,0,0,0,0,0,100
11047739,1100205,Urbana,0,0,0,0,0,0,0,100
11047780,1100205,Urbana,0,0,0,0,0,0,0,100
11047895,1100205,Urbana,0,0,0,0,0,0,0,100
11047909,1100205,Urbana,0,0,0,0,0,0,0,100
11047925,1100205,Urbana,0,0,0,0,0,0,0,100
11047933,1100205,Urbana,0,0,0,0,0,0,0,100
11048280,1100205,Urbana,0,0,0,0,0,0,0,100
11048298,1100205,Urbana,0,0,0,0,0,0,0,100
11048301,1100205,Urbana,0,0,0,0,0,0,0,100
11048310,1100205,Urbana,0,0,0,0,0,0,0,100
11048328,1100205,Urbana,0,0,0,0,0,0,0,100
11048484,1100205,Urbana,0,0,0,0,0,0,0,100
11048492,1100205,Urbana,1,0,0,0,0,0,0,100
11048506,1100205,Urbana,0,0,0,0,0,0,0,100
11048514,1100205,Urbana,1,0,0,0,0,0,0,100
11048522,1100205,Urbana,0,0,0,0,0,0,0,100
11048530,1100205,Urbana,0,0,0,0,0,0,0,100
11048549,1100205,Urbana,0,0,0,0,0,0,0,100
11048875,1100205,Urbana,0,0,0,0,0,0,0,100
11048883,1100205,Urbana,0,0,0,0,0,0,0,100
11049120,1100205,Urbana,0,0,0,0,0,0,0,100
11049146,1100205,Urbana,0,0,0,0,0,0,0,100
11049162,1100205,Urbana,0,0,1,1,0,0,0,100
11049170,1100205,Urbana,0,0,0,0,0,0,0,100
11049332,1100205,Urbana,0,0,0,0,0,0,2,100
11049570,1100205,Urbana,2,0,0,3,0,0,0,100
11049588,1100205,Urbana,0,0,0,0,0,0,0,100
11049596,1100205,Urbana,0,0,0,0,0,0,0,100
11049618,1100205,Urbana,0,0,0,0,0,0,0,100
11049740,1100205,Urbana,0,0,0,0,0,0,0,100
11050039,1100205,Urbana,0,0,0,0,0,0,0,100
11050179,1100205,Urbana,0,0,0,0,0,0,0,100
11050470,1100205,Urbana,0,0,0,0,0,0,0,100
11050551,1100205,Urbana,0,0,0,0,0,0,0,100
11050691,1100205,Urbana,0,0,0,0,0,0,0,100
11050721,1100205,Urbana,1,0,0,0,0,0,0,100
11050748,1100205,Urbana,0,0,0,0,0,0,0,100
11117800,1100205,Urbana,1,0,0,0,0,0,0,100
11117826,1100205,Urbana,0,0,0,0,0,0,0,100
11118814,1100205,Urbana,0,0,0,0,0,0,0,100
11120819,1100205,Urbana,1,0,0,0,0,0,0,100
16001206,1600055,Rural,0,0,0,0,0,0,0,100
16001222,1600055,Rural,0,0,0,0,0,0,0,100
16001192,1600055,Urbana,0,0,0,0,0,0,0,100
16000676,1600105,Rural,0,0,0,0,0,0,0,100
16000684,1600105,Rural,0,0,0,0,0,0,0,100
16000722,1600105,Rural,0,0,0,0,0,0,0,100
16000820,1600105,Rural,0,0,0,0,0,0,0,100
16000641,1600105,Urbana,0,0,0,0,0,0,0,100
16000706,1600105,Urbana,0,0,0,0,0,0,0,100
16000749,1600105,Urbana,0,0,0,0,0,0,0,100
16001249,1600154,Rural,0,0,0,0,0,0,0,100
16001257,1600154,Rural,0,0,0,0,0,0,0,100
16001265,1600154,Rural,0,0,0,0,0,0,0,100
16001273,1600154,Rural,0,0,0,0,0,0,0,100
16001281,1600154,Rural,0,0,0,0,0,0,0,100
16001290,1600154,Rural,0,0,0,0,0,0,0,100
16001303,1600154,Rural,0,0,0,0,0,0,0,100
16001346,1600154,Rural,0,0,0,0,0,0,0,100
16001354,1600154,Rural,0,0,0,0,0,0,0,100
16001370,1600154,Rural,0,0,0,0,0,0,0,100
16008103,1600154,Rural,0,0,0,0,0,0,0,100
16009681,1600154,Rural,4,0,0,0,0,0,0,100
16010329,1600154,Rural,0,0,0,0,0,0,0,100
16010337,1600154,Rural,5,0,0,0,0,0,0,100
16001320,1600154,Urbana,2,0,0,0,0,0,0,100
16000030,1600204,Rural,0,0,0,0,0,0,0,100
16000161,1600204,Rural,0,0,0,0,0,0,0,100
16000170,1600204,Rural,0,0,0,0,0,0,0,100
16000048,1600204,Urbana,3,0,0,0,0,0,0,100
16000064,1600204,Urbana,0,0,0,0,0,0,0,100
16000080,1600204,Urbana,6,0,0,0,0,0,0,100
16001400,1600212,Rural,0,0,0,0,0,0,0,100
16001419,1600212,Rural,0,0,0,0,0,0,0,100
16001427,1600212,Rural,0,0,0,0,0,0,0,100
16001443,1600212,Rural,0,0,0,0,0,0,0,100
16001478,1600212,Rural,0,0,0,0,0,0,0,100
16001486,1600212,Rural,0,0,0,0,0,0,0,100
16001494,1600212,Rural,0,0,0,0,0,0,0,100
16001516,1600212,Rural,0,0,0,0,0,0,0,100
16001532,1600212,Rural,0,0,0,0,0,0,0,100
16001451,1600212,Urbana,0,0,0,0,0,0,0,100
16001575,1600238,Rural,0,0,0,0,0,0,0,100
16001583,1600238,Rural,0,0,0,0,0,0,0,100
16001591,1600238,Rural,0,0,0,0,0,0,0,100
16001605,1600238,Rural,0,0,0,0,0,0,0,100
16001567,1600238,Urbana,0,0,0,0,0,0,0,100
16001672,1600253,Rural,0,0,0,0,0,0,0,100
16001680,1600253,Rural,1,0,0,0,0,0,0,100
16001702,1600253,Rural,0,0,0,0,0,0,0,100
16001710,1600253,Rural,0,0,0,0,0,0,0,100
16001761,1600253,Rural,0,0,0,0,0,0,0,100
16001796,1600253,Rural,1,0,0,0,0,0,0,100
16001800,1600253,Rural,0,0,0,0,0,0,0,100
16001753,1600253,Urbana,0,0,0,0,0,0,0,100
16004833,1600279,Rural,0,0,0,0,0,0,0,100
16004868,1600279,Rural,0,0,0,0,0,0,0,100
16004876,1600279,Rural,3,0,0,0,0,0,0,100
16004892,1600279,Rural,0,0,0,0,0,0,0,100
16004914,1600279,Rural,0,0,0,0,0,0,0,100
16004930,1600279,Rural,0,0,0,0,0,0,0,100
16004965,1600279,Rural,0,0,0,0,0,0,0,100
16004990,1600279,Rural,0,0,0,0,0,0,0,100
16005015,1600279,Rural,0,0,0,0,0,0,0,100
16005074,1600279,Rural,0,0,0,0,0,0,0,100
16005279,1600279,Rural,0,0,0,0,0,0,0,100
16005872,1600279,Rural,0,0,0,0,0,0,0,100
16006330,1600279,Rural,0,0,0,0,0,0,0,100
16006348,1600279,Rural,0,0,0,0,0,0,0,100
16006356,1600279,Rural,0,0,0,0,0,0,0,100
16007840,1600279,Rural,0,0,0,0,0,0,0,100
16007859,1600279,Rural,0,0,0,0,0,0,0,100
16007913,1600279,Rural,0,0,0,0,0,0,0,100
16009193,1600279,Rural,0,0,0,0,0,0,0,100
16009215,1600279,Rural,0,0,0,0,0,0,0,100
16009649,1600279,Rural,0,0,0,0,0,0,0,100
16009657,1600279,Rural,0,0,0,0,0,0,0,100
16009690,1600279,Rural,0,0,0,0,0,0,0,100
16009738,1600279,Rural,0,0,0,0,0,0,0,100
16009746,1600279,Rural,0,0,0,0,0,0,0,100
16009754,1600279,Rural,0,0,0,0,0,0,0,100
16010078,1600279,Rural,0,0,0,0,0,0,0,100
16010086,1600279,Rural,0,0,0,0,0,0,0,100
16010388,1600279,Rural,0,0,0,0,0,0,0,100
16010396,1600279,Rural,0,0,0,0,0,0,0,100
16004884,1600279,Urbana,0,0,0,0,0,0,0,100
16004906,1600279,Urbana,0,0,0,0,0,0,0,100
16004949,1600279,Urbana,0,0,0,0,0,0,0,100
16004957,1600279,Urbana,0,0,0,0,0,0,0,100
16005007,1600279,Urbana,11,0,0,0,0,0,0,100
16006666,1600279,Urbana,0,0,0,0,0,0,0,100
16007867,1600279,Urbana,0,0,0,0,0,0,0,100
16007875,1600279,Urbana,0,0,0,0,0,0,0,100
16007905,1600279,Urbana,0,0,0,0,0,0,0,100
16010787,1600279,Urbana,0,0,0,0,0,0,0,100
16002075,1600303,Rural,0,0,0,0,0,0,0,100
16002091,1600303,Rural,0,0,0,0,0,0,0,100
16002113,1600303,Rural,0,0,0,0,0,0,0,100
16002164,1600303,Rural,0,0,0,0,0,0,0,100
16002172,1600303,Rural,0,0,0,0,0,0,0,100
16002237,1600303,Rural,0,0,0,0,0,0,0,100
16002261,1600303,Rural,0,0,0,0,0,0,0,100
16002288,1600303,Rural,0,0,0,0,0,0,0,100
16002300,1600303,Rural,0,0,0,0,0,0,0,100
16002350,1600303,Rural,0,0,0,0,0,0,0,100
16002423,1600303,Rural,0,0,0,0,0,0,0,100
16002474,1600303,Rural,0,0,0,0,0,0,0,100
16002504,1600303,Rural,0,0,0,0,0,0,0,100
16002563,1600303,Rural,0,0,0,0,0,0,0,100
16002571,1600303,Rural,0,0,0,0,0,0,0,100
16002628,1600303,Rural,0,0,0,0,0,0,0,100
16002636,1600303,Rural,0,0,0,0,0,0,0,100
16002644,1600303,Rural,0,0,0,0,0,0,0,100
16002652,1600303,Rural,0,0,0,0,0,0,0,100
16002679,1600303,Rural,0,0,0,0,0,0,0,100
16002784,1600303,Rural,0,0,0,0,0,0,0,100
16002806,1600303,Rural,0,0,0,0,0,0,0,100
16002822,1600303,Rural,0,0,0,0,0,0,0,100
16002849,1600303,Rural,0,0,0,0,0,0,0,100
16002857,1600303,Rural,0,0,0,0,0,0,0,100
16002865,1600303,Rural,0,0,0,0,0,0,0,100
16003179,1600303,Rural,0,0,0,0,0,0,0,100
16003594,1600303,Rural,0,0,0,0,0,0,0,100
16003608,1600303,Rural,0,0,0,0,0,0,0,100
16003616,1600303,Rural,0,0,0,0,0,0,0,100
16003640,1600303,Rural,0,0,0,0,0,0,0,100
16003659,1600303,Rural,5,0,0,0,0,0,0,100
16003667,1600303,Rural,0,0,0,0,0,0,0,100
16003675,1600303,Rural,3,0,0,0,0,0,0,100
16003683,1600303,Rural,0,0,0,0,0,0,0,100
16003691,1600303,Rural,0,0,0,0,0,0,0,100
16003705,1600303,Rural,0,0,0,0,0,0,0,100
16003713,1600303,Rural,0,0,0,0,0,0,0,100
16003721,1600303,Rural,0,0,0,0,0,0,0,100
16003730,1600303,Rural,0,0,0,0,0,0,0,100
16003748,1600303,Rural,0,0,0,0,0,0,0,100
16003756,1600303,Rural,0,0,0,0,0,0,0,100
16003772,1600303,Rural,0,0,0,0,0,0,0,100
16003780,1600303,Rural,0,0,0,0,0,0,0,100
16003799,1600303,Rural,0,0,0,0,0,0,0,100
16003802,1600303,Rural,0,0,0,0,0,0,0,100
16003810,1600303,Rural,0,0,0,0,0,0,0,100
16003829,1600303,Rural,0,0,0,0,0,0,0,100
16003837,1600303,Rural,3,0,0,0,0,0,0,100
16003853,1600303,Rural,0,0,0,0,0,0,0,100
16003918,1600303,Rural,3,0,0,0,0,0,0,100
16003926,1600303,Rural,0,0,0,0,0,0,0,100
16003942,1600303,Rural,0,0,0,0,0,0,0,100
16003950,1600303,Rural,0,0,0,0,0,0,0,100
16003969,1600303,Rural,0,0,0,0,0,0,0,100
16003977,1600303,Rural,0,0,0,0,0,0,0,100
16003985,1600303,Rural,0,0,0,0,0,0,0,100
16003993,1600303,Rural,0,0,0,0,0,0,0,100
16004000,1600303,Rural,0,0,0,0,0,0,0,100
16004019,1600303,Rural,0,0,0,0,0,0,0,100
16004027,1600303,Rural,0,0,0,0,0,0,0,100
16004035,1600303,Rural,0,0,0,0,0,0,0,100
16004043,1600303,Rural,0,0,0,0,0,0,0,100
16004310,1600303,Rural,0,0,0,0,0,0,0,100
16006216,1600303,Rural,0,0,0,0,0,0,0,100
16006224,1600303,Rural,0,0,0,0,0,0,0,100
16006232,1600303,Rural,0,0,0,0,0,0,0,100
16006259,1600303,Rural,0,0,0,0,0,0,0,100
16006267,1600303,Rural,0,0,0,0,0,0,0,100
16006364,1600303,Rural,0,0,0,0,0,0,0,100
16006798,1600303,Rural,0,0,0,0,0,0,0,100
16006844,1600303,Rural,5,0,0,0,0,0,0,100
16006879,1600303,Rural,0,0,0,0,0,0,0,100
16007360,1600303,Rural,1,0,0,0,0,0,0,100
16007387,1600303,Rural,0,0,0,0,0,0,0,100
16007492,1600303,Rural,1,0,0,0,0,0,0,100
16007654,1600303,Rural,0,0,0,0,0,0,0,100
16008251,1600303,Rural,0,0,0,0,0,0,0,100
16008537,1600303,Rural,0,0,0,0,0,0,0,100
16008650,1600303,Rural,0,0,0,0,0,0,0,100
16009029,1600303,Rural,0,0,0,0,0,0,0,100
16010604,1600303,Rural,0,0,0,0,0,0,0,100
16010647,1600303,Rural,1,0,0,0,0,0,0,100
16011201,1600303,Rural,0,0,0,0,0,0,0,100
16024001,1600303,Rural,0,0,0,0,0,0,0,100
16001877,1600303,Urbana,2,0,0,0,0,0,0,100
16001885,1600303,Urbana,0,0,0,0,0,0,0,100
16001923,1600303,Urbana,0,0,0,0,0,0,0,100
16002067,1600303,Urbana,0,0,0,0,0,0,0,100
16002083,1600303,Urbana,0,0,0,0,0,0,0,100
16002105,1600303,Urbana,1,0,0,0,0,0,0,100
16002148,1600303,Urbana,0,0,0,0,0,0,0,100
16002156,1600303,Urbana,1,0,0,0,0,0,0,100
16002199,1600303,Urbana,0,0,0,0,0,0,0,100
16002245,1600303,Urbana,0,0,0,0,0,0,0,100
16002253,1600303,Urbana,0,0,0,0,0,0,0,100
16002270,1600303,Urbana,0,0,0,0,0,0,0,100
16002296,1600303,Urbana,0,0,0,0,0,0,0,100
16002318,1600303,Urbana,0,0,0,0,0,0,0,100
16002326,1600303,Urbana,0,0,0,0,0,0,0,100
16002334,1600303,Urbana,0,0,0,0,0,0,0,100
16002369,1600303,Urbana,0,0,0,0,0,0,0,100
16002377,1600303,Urbana,0,0,0,0,0,0,0,100
16002385,1600303,Urbana,0,0,0,0,0,0,0,100
16002393,1600303,Urbana,0,0,0,0,0,0,0,100
16002407,1600303,Urbana,0,0,0,0,0,0,0,100
16002415,1600303,Urbana,0,0,0,0,0,0,0,100
16002431,1600303,Urbana,0,0,0,0,0,0,0,100
16002440,1600303,Urbana,0,0,0,0,0,0,0,100
16002458,1600303,Urbana,0,0,0,0,0,0,0,100
16002466,1600303,Urbana,0,0,0,0,0,0,0,100
16002482,1600303,Urbana,0,0,0,0,0,0,0,100
16002490,1600303,Urbana,0,0,0,0,0,0,0,100
16002512,1600303,Urbana,0,0,0,0,0,0,0,100
16002520,1600303,Urbana,0,0,0,0,0,0,0,100
16002547,1600303,Urbana,0,0,0,0,0,0,0,100
16002580,1600303,Urbana,0,0,0,0,0,0,0,100
16002598,1600303,Urbana,0,0,0,0,0,0,0,100
16002601,1600303,Urbana,0,0,0,0,0,0,0,100
16002610,1600303,Urbana,0,0,0,0,0,0,0,100
16002660,1600303,Urbana,0,0,0,0,0,0,0,100
16002687,1600303,Urbana,0,0,0,0,0,0,0,100
16002695,1600303,Urbana,0,0,0,0,0,0,0,100
16002709,1600303,Urbana,0,0,0,0,0,0,0,100
16002717,1600303,Urbana,0,0,0,0,0,0,0,100
16002725,1600303,Urbana,0,0,0,0,0,0,0,100
16002733,1600303,Urbana,0,0,0,0,0,0,0,100
16002741,1600303,Urbana,0,0,0,0,0,0,0,100
16002750,1600303,Urbana,0,0,0,0,0,0,0,100
16002792,1600303,Urbana,0,0,0,0,0,0,0,100
16002814,1600303,Urbana,5,0,0,0,0,0,0,100
16002830,1600303,Urbana,0,0,0,0,0,0,0,100
16002873,1600303,Urbana,0,0,0,0,0,0,0,100
16002881,1600303,Urbana,5,0,0,0,0,0,0,100
16003209,1600303,Urbana,0,0,0,0,0,0,0,100
16003373,1600303,Urbana,0,0,0,0,0,0,0,100
16003420,1600303,Urbana,0,0,0,0,0,0,0,100
16003438,1600303,Urbana,0,0,0,0,0,0,0,100
16003497,1600303,Urbana,0,0,0,0,0,0,0,100
16006240,1600303,Urbana,0,0,0,0,0,0,0,100
16006461,1600303,Urbana,0,0,0,0,0,0,0,100
16006763,1600303,Urbana,0,0,0,0,0,0,0,100
16006780,1600303,Urbana,0,0,0,0,0,0,0,100
16006852,1600303,Urbana,0,0,0,0,0,0,0,100
16007271,1600303,Urbana,1,0,0,0,0,0,0,100
16007395,1600303,Urbana,0,0,0,0,0,0,0,100
16007441,1600303,Urbana,0,0,0,0,0,0,0,100
16007450,1600303,Urbana,0,0,0,0,0,0,0,100
16007468,1600303,Urbana,0,0,0,0,0,0,0,100
16007476,1600303,Urbana,0,0,0,0,0,0,0,100
16007530,1600303,Urbana,0,0,0,0,0,0,0,100
16008316,1600303,Urbana,0,0,0,0,0,0,0,100
16008413,1600303,Urbana,0,0,0,0,0,0,0,100
16008456,1600303,Urbana,1,0,0,0,0,0,0,100
16008626,1600303,Urbana,0,0,0,0,0,0,0,100
16008634,1600303,Urbana,0,0,0,0,0,0,0,100
16008820,1600303,Urbana,0,0,0,0,0,0,0,100
16008952,1600303,Urbana,0,0,0,0,0,0,0,100
16009606,1600303,Urbana,0,0,0,0,0,0,0,100
16010000,1600303,Urbana,0,0,0,0,0,0,0,100
16010361,1600303,Urbana,0,0,0,0,0,0,0,100
16010370,1600303,Urbana,0,0,0,0,0,0,0,100
16010418,1600303,Urbana,1,0,0,0,0,0,0,100
16010620,1600303,Urbana,0,0,0,0,0,0,0,100
16011341,1600303,Urbana,0,0,0,0,0,0,0,100
16011600,1600303,Urbana,0,0,0,0,0,0,0,100
16011732,1600303,Urbana,0,0,0,0,0,0,0,100
16011830,1600303,Urbana,0,0,0,0,0,0,0,100
16011848,1600303,Urbana,0,0,0,0,0,0,0,100
16011902,1600303,Urbana,0,0,0,0,0,0,0,100
16018001,1600303,Urbana,0,0,0,0,0,0,0,100
16019008,1600303,Urbana,0,0,0,0,0,0,0,100
16025008,1600303,Urbana,0,0,0,0,0,0,0,100
16031008,1600303,Urbana,0,0,0,0,0,0,0,100
16039009,1600303,Urbana,0,0,0,0,0,0,0,100
16005376,1600402,Rural,0,0,0,0,0,0,0,100
16005384,1600402,Rural,0,0,0,0,0,0,0,100
16005406,1600402,Rural,0,0,0,0,0,0,0,100
16005414,1600402,Rural,0,0,0,0,0,0,0,100
16005422,1600402,Rural,0,0,0,0,0,0,0,100
16005430,1600402,Rural,0,0,0,0,0,0,0,100
16005783,1600402,Rural,0,0,0,0,0,0,0,100
16005821,1600402,Rural,0,0,0,0,0,0,0,100
16005848,1600402,Rural,0,0,0,0,0,0,0,100
16005856,1600402,Rural,0,0,0,0,0,0,0,100
16005880,1600402,Rural,0,0,0,0,0,0,0,100
16005899,1600402,Rural,0,0,0,0,0,0,0,100
16005902,1600402,Rural,0,0,0,0,0,0,0,100
16005945,1600402,Rural,0,0,0,0,0,0,0,100
16005970,1600402,Rural,0,0,0,0,0,0,0,100
16005996,1600402,Rural,0,0,0,0,0,0,0,100
16006070,1600402,Rural,0,0,0,0,0,0,0,100
16006313,1600402,Rural,0,0,0,0,0,0,0,100
16010990,1600402,Rural,0,0,0,0,0,0,0,100
16005333,1600402,Urbana,0,0,0,0,0,0,0,100
16005341,1600402,Urbana,0,0,0,0,0,0,0,100
16005392,1600402,Urbana,0,0,0,0,0,0,0,100
16000188,1600501,Rural,0,0,0,0,0,0,0,100
16000196,1600501,Rural,0,0,0,0,0,0,0,100
16000200,1600501,Rural,0,0,0,0,0,0,0,100
16000242,1600501,Rural,0,0,0,0,0,0,0,100
16000250,1600501,Rural,0,0,0,0,0,0,0,100
16000269,1600501,Rural,0,0,0,0,0,0,0,100
16000277,1600501,Rural,0,0,0,0,0,0,0,100
16000285,1600501,Rural,0,0,0,0,0,0,0,100
16000293,1600501,Rural,0,0,0,0,0,0,0,100
16000323,1600501,Rural,0,0,0,0,0,0,0,100
16000331,1600501,Rural,0,0,0,0,0,0,0,100
16000340,1600501,Rural,0,0,0,0,0,0,0,100
16000366,1600501,Rural,0,0,0,0,0,0,0,100
16000382,1600501,Rural,0,0,0,0,0,0,0,100
16000390,1600501,Rural,0,0,0,0,0,0,0,100
16000587,1600501,Rural,0,0,0,0,0,0,0,100
16000617,1600501,Rural,0,0,0,0,0,0,0,100
16000625,1600501,Rural,0,0,0,0,0,0,0,100
16006500,1600501,Rural,0,0,0,0,0,0,0,100
16006518,1600501,Rural,0,0,0,0,0,0,0,100
16006526,1600501,Rural,0,0,0,0,0,0,0,100
16006534,1600501,Rural,0,0,0,0,0,0,0,100
16009665,1600501,Rural,0,0,0,0,0,0,0,100
16009711,1600501,Rural,0,0,0,0,0,0,0,100
16009720,1600501,Rural,0,0,0,0,0,0,0,100
16000307,1600501,Urbana,0,0,0,0,0,0,0,100
16000315,1600501,Urbana,0,0,0,0,0,0,0,100
16004124,1600535,Rural,0,0,0,0,0,0,0,100
16004132,1600535,Rural,0,0,0,0,0,0,0,100
16004140,1600535,Rural,0,0,0,0,0,0,0,100
16004175,1600535,Rural,0,0,0,0,0,0,0,100
16004183,1600535,Rural,0,0,0,0,0,0,0,100
16004191,1600535,Rural,0,0,0,0,0,0,0,100
16004213,1600535,Rural,0,0,0,0,0,0,0,100
16004221,1600535,Rural,0,0,0,0,0,0,0,100
16004248,1600535,Rural,0,0,0,0,0,0,0,100
16006747,1600535,Rural,0,0,0,0,0,0,0,100
16007760,1600535,Rural,0,0,0,0,0,0,0,100
16008154,1600535,Rural,0,0,0,0,0,0,0,100
16004230,1600535,Urbana,0,0,0,0,0,0,0,100
16006933,1600535,Urbana,0,0,0,0,0,0,0,100
16010825,1600535,Urbana,0,0,0,0,0,0,0,100
16000846,1600550,Rural,0,0,0,0,0,0,0,100
16000854,1600550,Rural,0,0,0,0,0,0,0,100
16000870,1600550,Rural,0,0,0,0,0,0,0,100
16000889,1600550,Rural,0,0,0,0,0,0,0,100
16000897,1600550,Rural,0,0,0,0,0,0,0,100
16000862,1600550,Urbana,0,0,0,0,0,0,0,100
16004361,1600600,Rural,0,0,0,0,0,0,0,100
16004388,1600600,Rural,0,0,0,0,0,0,0,100
16004396,1600600,Rural,0,0,0,0,0,0,0,100
16004426,1600600,Rural,0,0,0,0,0,0,0,100
16004442,1600600,Rural,0,0,0,0,0,0,0,100
16004450,1600600,Rural,0,0,0,0,0,0,0,100
16004469,1600600,Rural,0,0,0,0,0,0,0,100
16004540,1600600,Rural,0,0,0,0,0,0,0,100
16004787,1600600,Rural,0,0,0,0,0,0,0,100
16006577,1600600,Rural,0,0,0,0,0,0,0,100
16006909,1600600,Rural,0,0,0,0,0,0,0,100
16007220,1600600,Rural,0,0,0,0,0,0,0,100
16009789,1600600,Rural,0,0,0,0,0,0,0,100
16010493,1600600,Rural,0,0,0,0,0,0,0,100
16004353,1600600,Urbana,0,0,0,0,0,0,0,100
16004370,1600600,Urbana,0,0,0,0,0,0,0,100
16004400,1600600,Urbana,0,0,0,0,0,0,0,100
16004418,1600600,Urbana,0,0,0,0,0,0,0,100
16004485,1600600,Urbana,0,0,0,0,0,0,0,100
16004493,1600600,Urbana,0,0,0,0,0,0,0,100
16004507,1600600,Urbana,0,0,0,0,0,0,0,100
16004515,1600600,Urbana,0,0,0,0,0,0,0,100
16004523,1600600,Urbana,0,0,0,0,0,0,0,100
16004531,1600600,Urbana,0,0,0,0,0,0,0,100
16004744,1600600,Urbana,0,0,0,0,0,0,0,100
16004752,1600600,Urbana,0,0,0,0,0,0,0,100
16004760,1600600,Urbana,0,0,0,0,0,0,0,100
16006178,1600600,Urbana,0,0,0,0,0,0,0,100
16006291,1600600,Urbana,0,0,0,0,0,0,0,100
16006372,1600600,Urbana,0,0,0,0,0,0,0,100
16006771,1600600,Urbana,0,0,0,0,0,0,0,100
16006860,1600600,Urbana,0,0,0,0,0,0,0,100
16006917,1600600,Urbana,0,0,0,0,0,0,0,100
16007352,1600600,Urbana,0,0,0,0,0,0,0,100
16008790,1600600,Urbana,0,0,0,0,0,0,0,100
16009290,1600600,Urbana,0,0,0,0,0,0,0,100
16009940,1600600,Urbana,0,0,0,0,0,0,0,100
16010965,1600600,Urbana,0,0,0,0,0,0,0,100
16037006,1600600,Urbana,0,0,0,0,0,0,0,100
16000900,1600709,Rural,0,0,0,0,0,0,0,100
16000927,1600709,Rural,0,0,0,0,0,0,0,100
16000935,1600709,Rural,0,0,0,0,0,0,0,100
16000951,1600709,Rural,0,0,0,0,0,0,0,100
16000960,1600709,Rural,0,0,0,0,0,0,0,100
16000978,1600709,Rural,0,0,0,0,0,0,0,100
16000986,1600709,Rural,0,0,0,0,0,0,0,100
16000994,1600709,Rural,0,0,0,0,0,0,0,100
16001001,1600709,Rural,0,0,0,0,0,0,0,100
16001028,1600709,Rural,0,0,0,0,0,0,0,100
16001052,1600709,Rural,0,0,0,0,0,0,0,100
16001060,1600709,Rural,0,0,0,0,0,0,0,100
16001079,1600709,Rural,0,0,0,0,0,0,0,100
16001087,1600709,Rural,0,0,0,0,0,0,0,100
16001095,1600709,Rural,0,0,0,0,0,0,0,100
16001109,1600709,Rural,0,0,0,0,0,0,0,100
16001125,1600709,Rural,0,0,0,0,0,0,0,100
16001133,1600709,Rural,0,0,0,0,0,0,0,100
16001150,1600709,Rural,0,0,0,0,0,0,0,100
16001176,1600709,Rural,0,0,0,0,0,0,0,100
16007140,1600709,Rural,0,0,0,0,0,0,0,100
16007700,1600709,Rural,0,0,0,0,0,0,0,100
16007778,1600709,Rural,0,0,0,0,0,0,0,100
16009487,1600709,Rural,0,0,0,0,0,0,0,100
16009703,1600709,Rural,0,0,0,0,0,0,0,100
16001184,1600709,Urbana,0,0,0,0,0,0,0,100
16006631,1600709,Urbana,0,0,0,0,0,0,0,100
16010949,1600709,Urbana,0,0,0,0,0,0,0,100
16004973,1600808,Rural,0,0,0,0,0,0,0,100
16004981,1600808,Urbana,0,0,0,0,0,0,0,100
16005023,1600808,Urbana,0,0,0,0,0,0,0,100
22141405,2200053,Urbana,0,0,0,0,0,0,0,100
22041222,2200103,Urbana,0,0,0,0,0,0,0,100
22041591,2200202,Urbana,0,0,0,0,0,0,0,100
22041621,2200202,Urbana,0,0,0,0,0,0,0,100
22041680,2200202,Urbana,0,0,0,0,0,0,0,100
22109633,2200202,Urbana,0,0,0,0,0,0,0,100
22084320,2200251,Urbana,0,0,0,0,0,0,0,100
22085068,2200277,Urbana,0,0,0,0,0,0,0,100
22031529,2200301,Urbana,0,0,0,0,0,0,0,100
22031570,2200301,Urbana,0,0,0,0,0,0,0,100
22031596,2200301,Urbana,0,0,0,0,0,0,0,100
22017771,2200400,Urbana,0,0,0,0,0,0,0,100
22017992,2200400,Urbana,0,0,0,0,0,0,0,100
22018026,2200400,Urbana,0,0,0,0,0,0,0,100
22018042,2200400,Urbana,0,0,0,0,0,0,0,100
22018107,2200400,Urbana,0,0,0,0,0,0,0,100
22018174,2200400,Urbana,0,0,0,0,0,0,0,100
22018204,2200400,Urbana,0,0,0,0,0,0,0,100
22018220,2200400,Urbana,0,0,0,0,0,0,0,100
22062726,2200459,Urbana,0,0,0,0,0,0,0,100
22135820,2200509,Rural,0,0,0,0,0,0,0,100
22042130,2200509,Urbana,0,0,0,0,0,0,0,100
22042237,2200509,Urbana,3,0,0,0,0,0,0,100
22042270,2200509,Urbana,0,0,0,0,0,0,0,100
22042288,2200509,Urbana,0,0,0,0,0,0,0,100
22042385,2200509,Urbana,0,0,0,0,0,0,0,100
22107055,2200509,Urbana,0,0,0,0,0,0,0,100
22042660,2200608,Urbana,2,0,0,0,0,0,0,100
22042679,2200608,Urbana,0,0,0,0,0,0,0,100
22042695,2200608,Urbana,0,0,0,0,0,0,0,100
22042709,2200608,Urbana,23,0,0,0,0,0,0,100
22042717,2200608,Urbana,0,0,0,0,0,0,0,100
22066535,2200707,Urbana,0,0,0,0,0,0,0,100
22066667,2200707,Urbana,1,0,0,0,0,0,0,100
22054235,2200806,Urbana,0,0,0,0,0,0,0,100
22054243,2200806,Urbana,0,0,0,0,0,0,0,100
22106790,2200905,Rural,0,0,0,0,0,0,0,100
22046755,2200905,Urbana,0,0,0,0,0,0,0,100
22046925,2200905,Urbana,4,0,0,0,0,0,0,100
22136550,2200954,Urbana,0,0,0,0,0,0,0,100
22042768,2201002,Rural,0,0,0,0,0,0,0,100
22042784,2201002,Rural,0,0,0,0,0,0,0,100
22042830,2201002,Urbana,0,0,0,0,0,0,0,100
22042938,2201002,Urbana,0,0,0,0,0,0,0,100
22162402,2201051,Rural,0,0,0,0,0,0,0,100
22135065,2201051,Urbana,0,0,0,0,0,0,0,100
22074210,2201101,Urbana,0,0,0,0,0,0,0,100
22074236,2201101,Urbana,0,0,0,0,0,0,0,100
22051988,2201150,Urbana,0,0,0,0,0,0,0,100
22143432,2201150,Urbana,0,0,0,0,0,0,0,100
22132589,2201176,Urbana,0,0,0,0,0,0,0,100
22137530,2201200,Rural,0,0,0,0,0,0,0,100
22137556,2201200,Rural,0,0,0,0,0,0,0,100
22225609,2201200,Rural,0,0,0,0,0,0,0,100
22000054,2201200,Urbana,0,0,0,0,0,0,0,100
22001530,2201200,Urbana,0,0,0,0,0,0,0,100
22001557,2201200,Urbana,0,0,0,0,0,0,0,100
22001573,2201200,Urbana,0,0,0,0,0,0,0,100
22001603,2201200,Urbana,0,0,0,0,0,0,0,100
22136703,2201200,Urbana,0,0,0,0,0,0,0,100
22136711,2201200,Urbana,0,0,0,0,0,0,0,100
22136762,2201200,Urbana,0,0,0,0,0,0,0,100
22061690,2201309,Urbana,0,0,0,0,0,0,0,100
22061711,2201309,Urbana,0,0,0,0,0,0,0,100
22043128,2201408,Urbana,0,0,0,0,0,0,0,100
22043136,2201408,Urbana,0,0,0,0,0,0,0,100
22043187,2201408,Urbana,0,0,0,0,0,0,0,100
22002049,2201507,Urbana,0,0,1,0,0,0,0,100
22002391,2201507,Urbana,0,0,0,0,0,0,0,100
22002588,2201507,Urbana,0,0,0,0,0,0,0,100
22002677,2201507,Urbana,0,0,0,0,0,0,0,100
22134840,2201556,Urbana,0,0,0,0,0,0,0,100
22135030,2201572,Urbana,0,0,0,0,0,0,0,100
22124411,2201606,Rural,0,0,0,0,0,0,0,100
22018654,2201606,Urbana,0,0,0,0,0,0,0,100
22135383,2201606,Urbana,0,0,0,0,0,0,0,100
22142509,2201606,Urbana,0,0,0,0,0,0,0,100
22162011,2201705,Rural,4,0,0,0,0,1,3,100
22054740,2201705,Urbana,0,0,0,0,0,0,0,100
22054820,2201705,Urbana,0,0,0,0,0,0,0,100
22054839,2201705,Urbana,0,0,0,0,0,0,0,100
22054855,2201705,Urbana,0,0,0,0,0,0,0,100
22095772,2201739,Urbana,1,2,0,0,0,1,0,100
22129650,2201770,Urbana,0,0,0,0,0,0,0,100
22077693,2201804,Urbana,0,0,0,0,0,0,0,100
22077766,2201804,Urbana,0,0,0,0,0,0,0,100
22077804,2201804,Urbana,0,0,0,0,0,0,0,100
22062602,2201903,Urbana,0,0,0,0,0,0,0,100
22062610,2201903,Urbana,0,0,0,0,0,0,0,100
22062661,2201903,Urbana,0,0,0,0,0,0,0,100
22062670,2201903,Urbana,1,0,0,0,0,0,0,100
22129723,2201919,Urbana,0,0,0,0,0,0,0,100
22122567,2201929,Urbana,0,0,0,0,0,0,0,100
22127526,2201945,Urbana,0,0,0,0,0,0,0,100
22002790,2201960,Urbana,0,0,0,0,0,0,0,100
22003100,2201960,Urbana,0,0,0,0,0,0,0,100
22135685,2201988,Urbana,0,0,0,0,0,0,0,100
22140123,2202000,Rural,0,0,0,0,0,0,0,100
22162607,2202000,Rural,0,0,0,0,0,0,0,100
22012419,2202000,Urbana,0,0,0,0,0,0,0,100
22012508,2202000,Urbana,0,0,0,0,0,0,0,100
22137947,2202000,Urbana,0,0,0,0,0,0,0,100
22031804,2202026,Urbana,0,0,0,0,0,0,0,100
22003452,2202059,Urbana,0,0,0,0,0,0,0,100
22134018,2202075,Rural,0,0,0,0,0,0,0,100
22136886,2202075,Urbana,0,0,0,0,0,0,0,100
22014209,2202083,Urbana,0,0,0,0,0,0,0,100
22014306,2202083,Urbana,0,0,0,0,0,0,0,100
22087753,2202091,Urbana,0,0,0,0,0,0,0,100
22088024,2202109,Urbana,0,0,0,0,0,0,0,100
22134360,2202117,Urbana,0,0,0,0,0,0,0,100
22093079,2202133,Rural,0,0,0,0,0,0,0,100
22093249,2202133,Urbana,0,0,0,0,0,0,0,100
22011170,2202174,Urbana,0,0,0,0,0,0,0,100
22032339,2202208,Urbana,0,0,0,0,0,0,0,100
22033971,2202208,Urbana,0,0,0,0,0,0,0,100
22033998,2202208,Urbana,0,0,0,0,0,0,0,100
22034030,2202208,Urbana,0,0,0,0,0,0,0,100
22034056,2202208,Urbana,0,0,0,0,0,0,0,100
22034072,2202208,Urbana,0,0,0,0,0,0,0,100
22034080,2202208,Urbana,1,0,0,0,1,0,0,100
22034102,2202208,Urbana,0,0,0,0,0,0,0,100
22034110,2202208,Urbana,0,0,0,0,0,0,0,100
22034129,2202208,Urbana,0,0,0,0,0,0,0,100
22034145,2202208,Urbana,0,0,0,0,0,0,0,100
22034188,2202208,Urbana,0,0,0,0,0,0,0,100
22034218,2202208,Urbana,0,0,0,0,0,0,0,100
22034242,2202208,Urbana,0,0,0,0,0,0,0,100
22034250,2202208,Urbana,0,0,0,0,0,0,0,100
22056564,2202251,Urbana,3,0,2,0,0,0,0,100
22137777,2202307,Rural,0,0,0,0,0,0,0,100
22165614,2202307,Rural,3,0,0,0,0,1,0,100
22067671,2202307,Urbana,0,0,0,0,0,0,0,100
22067701,2202307,Urbana,0,0,0,0,0,0,0,100
22067752,2202307,Urbana,0,0,0,0,0,0,0,100
22067884,2202307,Urbana,1,0,1,0,0,0,0,100
22068368,2202307,Urbana,0,0,0,0,0,0,0,100
22135146,2202406,Rural,0,0,0,0,0,0,0,100
22034781,2202406,Urbana,0,0,0,0,0,0,0,100
22134565,2202455,Urbana,0,0,0,0,0,0,0,100
22069240,2202505,Urbana,0,0,0,0,0,0,0,100
22069330,2202505,Urbana,0,0,0,0,0,0,0,100
22135863,2202539,Urbana,0,0,0,0,0,0,0,100
22131825,2202554,Urbana,0,0,0,0,0,0,0,100
22035583,2202604,Urbana,0,0,0,0,0,0,0,100
22035702,2202604,Urbana,0,0,0,0,0,0,0,100
22035710,2202604,Urbana,0,0,0,0,0,0,0,100
22035907,2202604,Urbana,0,0,0,0,0,0,0,100
22135782,2202653,Urbana,0,0,0,0,0,0,0,100
22140115,2202703,Rural,0,0,0,0,0,0,0,100
22013555,2202703,Urbana,0,0,0,0,0,0,0,100
22013601,2202703,Urbana,0,0,0,0,0,0,0,100
22136037,2202703,Urbana,0,0,0,0,0,0,0,100
22126945,2202711,Urbana,0,0,0,0,0,0,0,100
22015868,2202729,Rural,0,0,0,0,0,0,0,100
22136002,2202729,Urbana,0,0,0,0,0,0,0,100
22019294,2202737,Urbana,0,0,0,0,0,0,0,100
22054987,2202752,Urbana,0,0,0,0,0,0,0,100
22249753,2202752,Urbana,0,0,0,0,0,0,0,100
22078096,2202778,Urbana,0,0,0,0,0,0,0,100
22088695,2202802,Urbana,0,0,0,0,0,0,0,100
22088741,2202802,Urbana,0,0,0,0,0,0,0,100
22135243,2202851,Urbana,0,0,0,0,0,0,0,100
22075240,2202901,Rural,0,0,0,0,0,0,0,100
22075054,2202901,Urbana,0,0,0,0,0,0,0,100
22075186,2202901,Urbana,0,0,0,0,0,0,0,100
22075208,2202901,Urbana,0,0,0,0,0,0,0,100
22075216,2202901,Urbana,0,0,0,0,0,0,0,100
22075372,2202901,Urbana,0,0,0,0,0,0,0,100
22120114,2202901,Urbana,0,0,0,0,0,0,0,100
22138056,2202901,Urbana,0,0,0,0,0,0,0,100
22075569,2203008,Urbana,0,0,0,0,0,0,0,100
22075631,2203008,Urbana,0,0,0,0,0,0,0,100
22075658,2203008,Urbana,0,0,0,0,0,0,0,100
22075704,2203008,Urbana,0,0,0,0,0,0,0,100
22062700,2203107,Urbana,0,0,0,0,0,0,0,100
22063056,2203107,Urbana,0,0,0,0,0,0,0,100
22063170,2203107,Urbana,0,0,0,0,0,0,0,100
22163603,2203107,Urbana,0,0,0,0,0,0,0,100
22076450,2203206,Urbana,0,0,0,0,0,0,0,100
22076581,2203206,Urbana,0,0,0,0,0,0,0,100
22138021,2203230,Urbana,0,0,0,0,0,0,0,100
22132740,2203255,Urbana,0,0,0,0,0,0,0,100
22107019,2203271,Urbana,0,0,0,0,0,0,0,100
22161201,2203305,Rural,0,0,0,0,0,0,0,100
22019740,2203305,Urbana,0,0,0,0,0,0,0,100
22019790,2203305,Urbana,0,0,0,0,0,0,0,100
22019839,2203305,Urbana,0,0,0,0,0,0,0,100
22019871,2203305,Urbana,0,0,0,0,0,0,0,100
22070354,2203354,Urbana,0,0,0,0,0,0,0,100
22070460,2203354,Urbana,0,0,0,0,0,0,0,100
22078347,2203404,Urbana,0,0,0,0,0,0,0,100
22078355,2203404,Urbana,0,0,0,0,0,0,0,100
22036369,2203420,Urbana,0,0,0,0,0,0,0,100
22070877,2203453,Urbana,0,0,0,0,0,0,0,100
22138935,2203453,Urbana,0,0,0,0,0,0,0,100
22143890,2203453,Urbana,0,0,0,0,0,0,0,100
22047484,2203503,Urbana,0,0,0,0,0,0,0,100
22047590,2203503,Urbana,0,0,0,0,0,0,0,100
22319727,2203602,Rural,0,0,0,0,0,0,0,100
22055142,2203602,Urbana,0,0,0,0,0,0,0,100
22136746,2203701,Rural,0,0,0,0,0,0,0,100
22253734,2203701,Rural,0,0,0,0,0,0,0,100
22004777,2203701,Urbana,0,0,0,0,0,0,0,100
22004793,2203701,Urbana,0,0,0,0,0,0,0,100
22004815,2203701,Urbana,0,0,0,0,0,0,0,100
22004823,2203701,Urbana,0,0,0,0,0,0,0,100
22136584,2203701,Urbana,0,0,0,0,0,0,0,100
22071253,2203750,Urbana,1,0,0,0,0,0,0,100
22056866,2203800,Urbana,0,0,0,0,0,0,0,100
22223606,2203859,Urbana,0,0,0,0,0,0,0,100
22057498,2203909,Urbana,0,0,0,0,0,0,0,100
22057790,2203909,Urbana,0,0,0,0,0,0,0,100
22058060,2203909,Urbana,1,0,0,0,0,0,0,100
22058095,2203909,Urbana,0,0,0,0,0,0,0,100
22058141,2203909,Urbana,0,0,0,0,0,0,0,100
22058150,2203909,Urbana,0,0,0,0,0,0,0,100
22058192,2203909,Urbana,0,0,0,0,0,0,0,100
22058230,2203909,Urbana,0,0,0,0,0,0,0,100
22058265,2203909,Urbana,0,0,0,0,0,0,0,100
22058338,2203909,Urbana,0,0,0,0,0,0,0,100
22047921,2204006,Urbana,0,0,0,0,0,0,0,100
22043462,2204105,Rural,0,0,0,0,0,0,0,100
22043438,2204105,Urbana,0,0,0,0,0,0,0,100
22043454,2204105,Urbana,0,0,0,0,0,0,0,100
22136983,2204154,Urbana,0,0,0,0,0,0,0,100
22085475,2204204,Urbana,0,0,0,0,0,0,0,100
22085491,2204204,Urbana,0,0,0,0,0,0,0,100
22085505,2204204,Urbana,0,0,0,0,0,0,0,100
22085513,2204204,Urbana,0,0,0,0,0,0,0,100
22085521,2204204,Urbana,0,0,0,0,0,0,0,100
22088806,2204303,Urbana,0,0,0,0,0,0,0,100
22088814,2204303,Urbana,0,0,0,0,0,0,0,100
22088857,2204303,Urbana,0,0,0,0,0,0,0,100
22081968,2204352,Rural,0,0,0,0,0,0,0,100
22080686,2204352,Urbana,0,0,0,0,0,0,0,100
22064206,2204402,Urbana,0,0,0,0,0,0,0,100
22064249,2204402,Urbana,0,0,0,0,0,0,0,100
22142240,2204501,Rural,0,0,0,0,0,0,0,100
22058648,2204501,Urbana,0,0,0,0,0,0,0,100
22058702,2204501,Urbana,0,0,0,0,0,0,0,100
22131450,2204550,Urbana,0,0,0,0,0,0,0,100
22043659,2204600,Urbana,0,0,0,0,0,0,0,100
22043667,2204600,Urbana,0,0,0,0,0,0,0,100
22015469,2204659,Urbana,0,0,0,0,0,0,0,100
22016040,2204659,Urbana,0,0,0,0,0,0,0,100
22048340,2204709,Urbana,0,0,0,0,0,0,0,100
22048413,2204709,Urbana,0,0,0,0,0,0,0,100
22048456,2204709,Urbana,0,0,0,0,0,0,0,100
22078614,2204808,Urbana,0,0,0,0,0,0,0,100
22078681,2204808,Urbana,0,0,0,0,0,0,0,100
22078690,2204808,Urbana,0,0,0,0,0,0,0,100
22078703,2204808,Urbana,0,0,0,0,0,0,0,100
22078711,2204808,Urbana,0,0,0,0,0,0,0,100
22118179,2204808,Urbana,0,0,1,0,0,0,0,100
22090037,2204907,Urbana,0,0,0,0,0,0,0,100
22133682,2204907,Urbana,0,0,0,0,0,0,0,100
22136401,2205003,Rural,0,0,0,0,0,0,0,100
22091068,2205003,Urbana,0,0,0,0,0,0,0,100
22091432,2205003,Urbana,0,0,0,0,0,0,0,100
22091459,2205003,Urbana,0,0,0,0,0,0,0,100
22059326,2205102,Urbana,0,0,0,0,0,0,0,100
22131043,2205151,Urbana,0,0,0,0,0,0,0,100
22093222,2205201,Urbana,0,0,0,0,0,0,0,100
22093303,2205201,Urbana,0,0,0,0,0,0,0,100
22093354,2205201,Urbana,0,0,0,0,0,0,0,100
22093427,2205201,Urbana,0,0,0,0,0,0,0,100
22111441,2205201,Urbana,0,0,0,0,0,0,0,100
22043853,2205250,Urbana,0,0,0,0,0,0,0,100
22134913,2205276,Rural,0,0,0,0,0,0,0,100
22125787,2205276,Urbana,0,0,0,0,0,0,0,100
22059610,2205300,Urbana,0,0,0,0,0,0,0,100
22134611,2205359,Urbana,0,0,0,0,0,0,0,100
22005242,2205409,Urbana,0,0,0,0,0,0,0,100
22005315,2205409,Urbana,0,0,0,0,0,0,0,100
22131426,2205458,Urbana,0,0,0,0,0,0,0,100
22019952,2205508,Rural,0,0,0,0,0,0,0,100
22020810,2205508,Urbana,0,0,0,0,0,0,0,100
22020942,2205508,Urbana,0,0,0,0,0,0,0,100
22020969,2205508,Urbana,0,0,0,0,0,0,0,100
22035320,2205516,Urbana,0,0,0,0,0,0,0,100
22076590,2205524,Urbana,0,0,0,0,0,0,0,100
22135260,2205532,Urbana,0,0,1,0,0,0,0,100
22131590,2205540,Urbana,0,0,0,0,0,0,0,100
22021060,2205557,Urbana,0,0,0,0,0,0,0,100
22124470,2205565,Urbana,0,0,0,0,0,0,0,100
22132597,2205573,Urbana,0,0,0,0,0,0,0,100
22019804,2205581,Urbana,0,0,0,0,0,0,0,100
22132147,2205599,Urbana,0,0,0,0,0,0,0,100
22055380,2205607,Urbana,0,0,0,0,0,0,0,100
22014322,2205706,Rural,0,0,0,0,0,0,0,100
22014160,2205706,Urbana,0,0,0,0,0,0,0,100
22014314,2205706,Urbana,0,0,0,0,0,0,0,100
22014373,2205706,Urbana,0,0,0,0,0,0,0,100
22014470,2205706,Urbana,0,0,0,0,0,0,0,100
22006117,2205805,Urbana,0,0,0,0,0,0,0,100
22006184,2205805,Urbana,0,0,0,0,0,0,0,100
22006249,2205805,Urbana,0,0,0,0,0,0,0,100
22006800,2205805,Urbana,0,0,0,0,0,0,0,100
22006850,2205805,Urbana,0,0,0,0,0,0,0,100
22128760,2205805,Urbana,0,0,0,0,0,0,0,100
22126880,2205854,Urbana,0,0,0,0,0,0,0,100
22056025,2205904,Urbana,0,0,0,0,0,0,0,100
22056068,2205904,Urbana,0,0,0,0,0,0,0,100
22093834,2205953,Urbana,0,0,0,0,0,0,0,100
22056297,2206001,Urbana,0,0,0,0,0,0,0,100
22111450,2206050,Urbana,0,0,0,0,0,0,0,100
22007318,2206100,Urbana,0,0,0,0,0,0,0,100
22007431,2206100,Urbana,0,0,0,0,0,0,0,100
22105689,2206209,Rural,0,0,0,0,0,0,0,100
22264710,2206209,Rural,0,0,0,0,0,0,0,100
22008730,2206209,Urbana,0,0,0,0,0,0,0,100
22008780,2206209,Urbana,0,0,0,0,0,0,0,100
22131582,2206308,Rural,0,0,0,0,0,0,0,100
22021310,2206308,Urbana,0,0,0,0,0,0,0,100
22140700,2206357,Urbana,0,0,0,0,0,0,0,100
22021868,2206407,Urbana,0,0,0,0,0,0,0,100
22021922,2206407,Urbana,0,0,0,0,0,0,0,100
22085777,2206506,Urbana,0,0,0,0,0,0,0,100
22143947,2206506,Urbana,0,0,0,0,0,0,0,100
22064834,2206605,Rural,0,0,0,0,0,0,0,100
22064842,2206605,Urbana,0,0,0,0,0,0,0,100
22064869,2206605,Urbana,0,0,0,0,0,0,0,100
22105117,2206605,Urbana,0,0,0,0,0,0,0,100
22114882,2206605,Urbana,0,0,0,0,0,0,0,100
22073477,2206654,Rural,0,0,0,0,0,0,0,100
22073493,2206654,Rural,0,0,0,0,0,0,0,100
22134107,2206654,Urbana,0,0,0,0,0,0,0,100
22136452,2206670,Urbana,0,0,0,0,0,0,0,100
22135995,2206696,Urbana,0,0,0,0,0,0,0,100
22059920,2206704,Urbana,0,0,0,0,0,0,0,100
22124136,2206720,Urbana,0,0,0,0,0,0,0,100
22127020,2206753,Rural,0,0,0,0,0,0,0,100
22009035,2206803,Rural,0,0,0,0,0,0,0,100
22009019,2206803,Urbana,0,0,0,0,0,0,0,100
22009094,2206803,Urbana,0,0,0,0,0,0,0,100
22134867,2206803,Urbana,0,0,0,0,0,0,0,100
22048766,2206902,Urbana,0,0,0,0,0,0,0,100
22048928,2206902,Urbana,0,0,0,0,0,0,0,100
22031405,2206951,Urbana,0,0,0,0,0,0,0,100
22136045,2207009,Rural,0,0,0,0,0,0,0,100
22080333,2207009,Urbana,0,0,0,0,0,0,0,100
22080341,2207009,Urbana,0,0,0,0,0,0,0,100
22080350,2207009,Urbana,0,0,0,0,0,0,0,100
22080392,2207009,Urbana,0,0,0,0,0,0,0,100
22080422,2207009,Urbana,0,0,0,0,0,0,0,100
22080449,2207009,Urbana,0,0,0,0,0,0,0,100
22080465,2207009,Urbana,0,0,0,0,0,0,0,100
22080481,2207009,Urbana,0,0,0,0,0,0,0,100
22111891,2207009,Urbana,0,0,0,0,0,0,0,100
22133968,2207009,Urbana,0,0,0,0,0,0,0,100
22042954,2207108,Urbana,0,0,0,0,0,0,0,100
22094750,2207207,Urbana,0,0,0,0,0,0,0,100
22094989,2207207,Urbana,0,0,0,0,0,0,0,100
22141570,2207306,Rural,0,0,0,0,0,0,0,100
22095225,2207306,Urbana,0,0,0,0,0,0,0,100
22067710,2207355,Urbana,0,0,0,0,0,0,0,100
22065342,2207405,Urbana,0,0,0,0,0,0,0,100
22065350,2207405,Urbana,0,0,0,0,0,0,0,100
22162216,2207504,Rural,0,0,0,0,0,0,0,100
22044590,2207504,Urbana,0,0,0,0,0,0,0,100
22044752,2207504,Urbana,0,0,0,0,0,0,0,100
22105559,2207504,Urbana,0,0,0,0,0,0,0,100
22136410,2207553,Urbana,0,0,0,0,0,0,0,100
22077308,2207603,Rural,0,0,0,0,0,0,0,100
22077316,2207603,Rural,0,0,0,0,0,0,0,100
22077456,2207603,Rural,0,0,0,0,0,0,0,100
22077340,2207603,Urbana,0,0,0,0,0,0,0,100
22077421,2207603,Urbana,0,0,0,0,0,0,0,100
22162615,2207702,Rural,0,0,0,0,0,0,0,100
22014500,2207702,Urbana,0,0,0,0,0,0,0,100
22014535,2207702,Urbana,0,0,0,0,0,0,0,100
22015159,2207702,Urbana,0,0,0,0,0,0,0,100
22015191,2207702,Urbana,0,0,0,0,0,0,0,100
22015221,2207702,Urbana,0,0,0,0,0,0,0,100
22015736,2207702,Urbana,0,0,0,0,0,0,0,100
22015752,2207702,Urbana,0,0,0,0,0,0,0,100
22015787,2207702,Urbana,0,0,0,0,0,0,0,100
22015795,2207702,Urbana,0,0,0,0,0,0,0,100
22015809,2207702,Urbana,0,0,0,0,0,0,0,100
22015841,2207702,Urbana,0,0,0,0,0,0,0,100
22015876,2207702,Urbana,0,0,0,0,0,0,0,100
22015884,2207702,Urbana,0,0,0,0,0,0,0,100
22015892,2207702,Urbana,3,0,0,0,0,0,0,100
22015906,2207702,Urbana,0,0,0,0,0,0,0,100
22015973,2207702,Urbana,0,0,0,0,0,0,0,100
22016031,2207702,Urbana,0,0,0,0,0,0,0,100
22016082,2207702,Urbana,0,0,0,0,0,0,0,100
22133070,2207702,Urbana,0,0,0,0,0,0,0,100
22135456,2207702,Urbana,4,0,0,0,0,0,0,100
22045058,2207751,Urbana,0,0,0,0,0,0,0,100
22095608,2207777,Rural,0,0,0,0,0,0,0,100
22095500,2207777,Urbana,0,0,0,0,0,0,0,100
22135901,2207793,Urbana,0,0,0,0,0,0,0,100
22098518,2207801,Rural,0,0,0,0,0,0,0,100
22142355,2207801,Rural,0,0,0,0,1,0,0,100
22098704,2207801,Urbana,0,0,0,0,0,0,0,100
22098720,2207801,Urbana,0,0,0,0,0,0,0,100
22106842,2207801,Urbana,0,0,0,0,0,0,0,100
22134646,2207801,Urbana,0,0,0,0,0,0,0,100
22144048,2207801,Urbana,0,0,0,0,0,0,0,100
22060596,2207850,Urbana,0,0,0,0,0,0,0,100
22137211,2207900,Rural,0,2,0,0,0,0,0,100
22037772,2207900,Urbana,0,0,0,0,0,0,0,100
22038124,2207900,Urbana,0,0,0,0,0,0,0,100
22038272,2207900,Urbana,0,0,0,0,0,0,0,100
22038299,2207900,Urbana,0,0,0,0,0,0,0,100
22038302,2207900,Urbana,0,0,0,0,0,0,0,100
22118330,2207900,Urbana,0,0,0,0,0,0,0,100
22123458,2207900,Urbana,0,0,0,0,0,0,0,100
22134832,2207934,Urbana,0,0,0,0,0,0,0,100
22134727,2207959,Urbana,0,0,0,0,0,0,0,100
22081291,2208007,Urbana,0,0,0,0,0,0,0,100
22081348,2208007,Urbana,0,0,0,0,0,0,0,100
22081380,2208007,Urbana,0,0,0,0,0,0,0,100
22081860,2208007,Urbana,0,0,0,0,0,0,0,100
22082077,2208007,Urbana,0,0,0,0,0,0,0,100
22082093,2208007,Urbana,0,0,0,0,0,0,0,100
22082115,2208007,Urbana,0,0,0,0,0,0,0,100
22082131,2208007,Urbana,0,0,0,0,0,0,0,100
22082204,2208007,Urbana,0,0,0,0,0,0,0,100
22082263,2208007,Urbana,0,0,0,0,0,0,0,100
22082280,2208007,Urbana,0,0,0,0,0,0,0,100
22082298,2208007,Urbana,0,0,0,0,0,0,0,100
22082336,2208007,Urbana,0,0,0,0,0,0,0,100
22082409,2208007,Urbana,0,0,0,0,0,0,0,100
22082417,2208007,Urbana,0,0,0,0,0,0,0,100
22082433,2208007,Urbana,0,0,0,0,0,0,0,100
22082522,2208007,Urbana,0,0,0,0,0,0,0,100
22082549,2208007,Urbana,0,0,0,0,0,0,0,100
22082611,2208007,Urbana,0,0,0,0,0,0,0,100
22106375,2208007,Urbana,0,0,0,0,0,0,0,100
22177604,2208007,Urbana,0,0,0,0,0,0,0,100
22048995,2208106,Urbana,0,0,0,0,0,0,0,100
22049126,2208106,Urbana,0,0,0,0,0,0,0,100
22086455,2208205,Urbana,0,0,0,0,0,0,0,100
22086528,2208205,Urbana,0,0,0,0,0,0,0,100
22086625,2208205,Urbana,0,0,0,0,0,0,0,100
22086676,2208205,Urbana,0,0,0,0,0,0,0,100
22108378,2208205,Urbana,0,0,0,0,0,0,0,100
22147403,2208304,Rural,0,0,0,0,0,0,0,100
22016694,2208304,Urbana,0,0,0,0,0,0,0,100
22016724,2208304,Urbana,0,0,0,0,0,0,0,100
22016937,2208304,Urbana,0,0,0,0,0,0,0,100
22017011,2208304,Urbana,0,0,0,0,0,0,0,100
22112782,2208304,Urbana,0,0,0,0,0,0,0,100
22010092,2208403,Rural,0,0,0,0,0,0,0,100
22137181,2208403,Rural,0,0,0,0,0,0,0,100
22161805,2208403,Rural,0,0,0,0,0,0,0,100
22009213,2208403,Urbana,0,0,0,0,0,0,0,100
22010254,2208403,Urbana,0,0,0,0,0,0,0,100
22010467,2208403,Urbana,0,0,0,0,0,0,0,100
22010483,2208403,Urbana,0,0,0,0,0,0,0,100
22010505,2208403,Urbana,0,0,0,0,0,0,0,100
22010513,2208403,Urbana,0,0,0,0,0,0,0,100
22010521,2208403,Urbana,0,0,0,0,0,0,0,100
22010530,2208403,Urbana,0,0,0,0,0,0,0,100
22010556,2208403,Urbana,0,0,0,0,0,0,0,100
22010572,2208403,Urbana,0,0,0,0,0,0,0,100
22010599,2208403,Urbana,0,0,0,0,0,0,0,100
22011048,2208502,Urbana,0,0,0,0,0,0,0,100
22011145,2208502,Urbana,0,0,0,0,0,0,0,100
22128450,2208551,Urbana,0,0,0,0,0,0,0,100
22049690,2208601,Urbana,0,0,0,0,0,0,0,100
22132902,2208650,Urbana,0,0,0,0,0,0,0,100
22065814,2208700,Urbana,0,0,0,0,0,0,0,100
22065849,2208700,Urbana,0,0,0,0,0,0,0,100
22133976,2208700,Urbana,0,0,0,0,0,0,0,100
22045473,2208809,Urbana,0,0,0,0,0,0,0,100
22045503,2208809,Urbana,0,0,0,0,0,0,0,100
22045570,2208809,Urbana,0,0,0,0,0,0,0,100
22045678,2208809,Urbana,0,0,0,0,0,0,0,100
22045686,2208809,Urbana,0,0,0,0,0,0,0,100
22045694,2208809,Urbana,0,0,0,0,0,0,0,100
22045716,2208809,Urbana,0,0,0,0,0,0,0,100
22045740,2208809,Urbana,0,0,0,0,0,0,0,100
22045767,2208809,Urbana,0,0,0,0,0,0,0,100
22045783,2208809,Urbana,0,0,0,0,0,0,0,100
22117121,2208809,Urbana,0,0,0,0,0,0,0,100
22131078,2208858,Urbana,0,0,0,0,0,0,0,100
22134620,2208874,Urbana,0,0,0,0,0,0,0,100
22052585,2208908,Urbana,0,0,0,0,0,0,0,100
22052593,2208908,Urbana,0,0,0,0,0,0,0,100
22052615,2208908,Urbana,0,0,0,0,0,0,0,100
22060600,2209005,Urbana,0,0,0,0,0,0,0,100
22159800,2209005,Urbana,0,0,0,0,0,0,0,100
22141723,2209104,Rural,0,0,0,0,0,0,0,100
22083022,2209104,Urbana,0,0,0,0,0,0,0,100
22083049,2209104,Urbana,0,0,0,0,0,0,0,100
22083081,2209104,Urbana,0,0,0,0,0,0,0,100
22143963,2209104,Urbana,0,0,0,0,0,0,0,100
22050027,2209153,Urbana,0,0,0,0,0,0,0,100
22053182,2209203,Urbana,0,0,0,0,0,0,0,100
22053190,2209203,Urbana,0,0,0,0,0,0,0,100
22053204,2209203,Urbana,0,0,0,0,0,0,0,100
22053220,2209203,Urbana,0,0,0,0,0,0,0,100
22066144,2209302,Urbana,0,0,0,0,0,0,0,100
22066179,2209302,Urbana,0,0,0,0,0,0,0,100
22083189,2209351,Urbana,0,0,0,0,0,0,0,100
22083480,2209377,Urbana,0,0,0,0,0,0,0,100
22086889,2209401,Urbana,0,0,0,0,0,0,0,100
22086951,2209401,Urbana,0,0,0,0,0,0,0,100
22086978,2209401,Urbana,0,0,0,0,0,0,0,100
22045864,2209450,Urbana,0,0,0,0,0,0,0,100
22131574,2209450,Urbana,0,0,0,0,0,0,0,100
22155406,2209500,Rural,0,0,0,0,0,0,0,100
22099476,2209500,Urbana,0,0,0,0,0,0,0,100
22099549,2209500,Urbana,0,0,0,0,0,0,0,100
22071440,2209559,Urbana,0,0,0,0,0,0,0,100
22050370,2209609,Urbana,0,0,0,0,0,0,0,100
22134859,2209658,Urbana,0,0,0,0,0,0,0,100
22143300,2209658,Urbana,0,0,0,0,0,0,0,100
22061010,2209708,Urbana,1,0,0,1,0,0,0,100
22131060,2209757,Urbana,0,0,0,0,0,0,0,100
22045910,2209807,Urbana,0,0,0,0,0,0,0,100
22046020,2209807,Urbana,0,0,0,0,0,0,0,100
22046046,2209807,Urbana,0,0,0,0,0,0,0,100
22108009,2209856,Urbana,0,0,0,0,0,0,0,100
22131035,2209872,Urbana,0,0,0,0,0,0,0,100
22038876,2209906,Urbana,1,0,0,0,0,0,0,100
22038906,2209906,Urbana,0,0,0,0,0,0,0,100
22038914,2209906,Urbana,0,0,0,0,0,0,0,100
22135324,2209906,Urbana,0,0,0,0,0,0,0,100
22124586,2209955,Rural,0,0,0,0,0,0,0,100
22134050,2209955,Urbana,0,0,0,0,0,0,0,100
22240608,2209971,Rural,0,0,0,0,0,0,0,100
22007423,2209971,Urbana,0,0,0,0,0,0,0,100
22134549,2210003,Rural,0,0,0,0,0,0,0,100
22135731,2210003,Rural,0,0,0,0,0,0,0,100
22143602,2210003,Rural,0,0,0,0,0,0,0,100
22160400,2210003,Rural,0,0,0,0,0,0,0,100
22165819,2210003,Rural,0,0,0,0,0,0,0,100
22100083,2210003,Urbana,0,0,0,0,0,0,0,100
22100580,2210003,Urbana,0,0,0,0,0,0,0,100
22100717,2210003,Urbana,0,0,0,0,0,0,0,100
22100849,2210003,Urbana,0,0,0,0,0,0,0,100
22101004,2210003,Urbana,0,0,0,0,0,0,0,100
22106972,2210003,Urbana,0,0,0,0,0,0,0,100
22306714,2210052,Urbana,0,0,0,0,0,0,0,100
22061320,2210102,Urbana,0,0,0,0,0,0,0,100
22084266,2210201,Urbana,0,0,0,0,0,0,0,100
22084304,2210201,Urbana,0,0,0,0,0,0,0,100
22087095,2210300,Urbana,0,0,0,0,0,0,0,100
22087354,2210300,Urbana,0,0,0,0,0,0,0,100
22116389,2210359,Urbana,0,0,0,0,0,0,0,100
22141170,2210359,Urbana,0,0,0,0,0,0,0,100
22136525,2210375,Urbana,0,0,0,0,0,0,0,100
22050043,2210383,Urbana,0,0,0,0,0,0,0,100
22061258,2210391,Urbana,0,0,0,0,0,0,0,100
22117806,2210409,Rural,0,0,0,0,0,0,0,100
22040358,2210409,Urbana,0,0,0,0,0,0,0,100
22040676,2210409,Urbana,0,0,0,0,0,0,0,100
22046429,2210508,Rural,0,0,0,0,0,0,0,100
22142584,2210508,Rural,0,0,0,0,0,0,0,100
22046410,2210508,Urbana,0,0,0,0,0,0,0,100
22046445,2210508,Urbana,0,0,0,0,0,0,0,100
22046461,2210508,Urbana,0,0,0,0,0,0,0,100
22072292,2210607,Urbana,0,0,0,0,0,0,0,100
22072500,2210607,Urbana,0,0,0,0,0,0,0,100
22072527,2210607,Urbana,0,0,0,0,0,0,0,100
22072667,2210607,Urbana,0,0,0,0,0,0,0,100
22072691,2210607,Urbana,0,0,0,0,0,0,0,100
22072713,2210607,Urbana,0,0,0,0,0,0,0,100
22072845,2210607,Urbana,0,0,0,0,0,0,0,100
22072985,2210607,Urbana,0,0,0,0,0,0,0,100
22310770,2210607,Urbana,0,0,0,0,0,0,0,100
22114904,2210623,Urbana,0,0,0,0,0,0,0,100
22054766,2210631,Urbana,0,0,0,0,0,0,0,100
22054847,2210631,Urbana,0,0,0,0,0,0,0,100
22137068,2210656,Rural,0,0,0,0,0,0,0,100
22122044,2210656,Urbana,0,0,0,0,0,0,0,100
22102612,2210706,Urbana,0,0,0,0,0,0,0,100
22102850,2210706,Urbana,0,0,0,0,0,0,0,100
22102876,2210706,Urbana,0,0,0,0,0,0,0,100
22102906,2210706,Urbana,0,0,0,0,0,0,0,100
22144293,2210706,Urbana,0,0,0,0,0,0,0,100
22137815,2210805,Rural,0,0,0,0,0,0,0,100
22104399,2210805,Urbana,0,0,0,0,0,0,0,100
22118900,2210805,Urbana,0,0,0,0,0,0,0,100
22144315,2210805,Urbana,0,0,0,0,0,0,0,100
22160809,2210805,Urbana,0,0,0,0,0,0,0,100
22104682,2210904,Urbana,0,0,0,0,0,0,0,100
22104712,2210904,Urbana,0,0,0,0,0,0,0,100
22134484,2210938,Urbana,0,0,0,0,0,0,0,100
22134581,2210953,Urbana,0,0,0,0,0,0,0,100
22083510,2210979,Urbana,0,0,0,0,0,0,0,100
22115544,2211001,Rural,0,0,0,0,0,0,0,100
22124802,2211001,Rural,0,0,0,0,0,0,0,100
22124810,2211001,Rural,0,0,0,0,0,0,0,100
22128441,2211001,Rural,0,0,0,0,0,0,0,100
22128468,2211001,Rural,0,0,0,0,0,0,0,100
22135545,2211001,Rural,0,0,0,0,0,0,0,100
22135553,2211001,Rural,0,0,0,0,0,0,0,100
22135561,2211001,Rural,0,0,0,0,0,0,0,100
22136215,2211001,Rural,0,0,0,0,0,0,0,100
22139923,2211001,Rural,0,0,0,0,0,0,0,100
22140352,2211001,Rural,0,0,0,0,0,0,0,100
22140360,2211001,Rural,0,0,0,0,0,0,0,100
22021990,2211001,Urbana,0,0,0,0,0,0,0,100
22022007,2211001,Urbana,0,0,0,0,0,0,0,100
22022015,2211001,Urbana,0,0,0,0,0,0,0,100
22022040,2211001,Urbana,0,0,0,0,0,0,0,100
22022112,2211001,Urbana,0,0,0,0,0,0,0,100
22022120,2211001,Urbana,0,0,0,0,0,0,0,100
22022147,2211001,Urbana,0,0,0,0,0,0,0,100
22022287,2211001,Urbana,0,0,0,0,0,0,0,100
22022295,2211001,Urbana,0,0,0,0,0,0,0,100
22022376,2211001,Urbana,0,0,0,0,0,0,0,100
22023208,2211001,Urbana,0,0,0,0,0,0,0,100
22025308,2211001,Urbana,0,0,0,0,0,0,0,100
22025316,2211001,Urbana,0,0,0,0,0,0,0,100
22025324,2211001,Urbana,0,0,0,0,0,0,0,100
22026304,2211001,Urbana,0,0,0,0,0,0,0,100
22026487,2211001,Urbana,0,0,0,0,0,0,0,100
22026495,2211001,Urbana,0,0,0,0,0,0,0,100
22026878,2211001,Urbana,0,0,0,0,0,0,0,100
22026894,2211001,Urbana,0,0,0,0,0,0,0,100
22026908,2211001,Urbana,0,0,0,0,0,0,0,100
22026924,2211001,Urbana,0,0,0,0,0,0,0,100
22026932,2211001,Urbana,0,0,0,0,0,0,0,100
22026940,2211001,Urbana,0,0,0,0,0,0,0,100
22026975,2211001,Urbana,0,0,0,0,0,0,0,100
22026983,2211001,Urbana,0,0,0,0,0,0,0,100
22026991,2211001,Urbana,0,0,0,0,0,0,0,100
22027041,2211001,Urbana,0,0,0,0,0,0,0,100
22027068,2211001,Urbana,0,0,0,0,0,0,0,100
22027092,2211001,Urbana,0,0,0,0,0,0,0,100
22027130,2211001,Urbana,0,0,0,0,0,0,0,100
22027190,2211001,Urbana,0,0,0,0,0,0,0,100
22027203,2211001,Urbana,0,0,0,0,0,0,0,100
22027238,2211001,Urbana,0,0,0,0,0,0,0,100
22027262,2211001,Urbana,0,0,0,0,0,0,0,100
22027289,2211001,Urbana,0,0,0,0,0,0,0,100
22027297,2211001,Urbana,0,0,0,0,0,0,0,100
22027319,2211001,Urbana,0,0,0,0,0,0,0,100
22027327,2211001,Urbana,0,0,0,0,0,0,0,100
22027335,2211001,Urbana,0,0,0,0,0,0,0,100
22027343,2211001,Urbana,0,0,0,0,0,0,0,100
22027360,2211001,Urbana,0,0,0,0,0,0,0,100
22027416,2211001,Urbana,0,0,0,0,0,0,0,100
22027424,2211001,Urbana,0,0,0,0,0,0,0,100
22027432,2211001,Urbana,0,0,0,0,0,0,0,100
22027440,2211001,Urbana,0,0,0,0,0,0,0,100
22027459,2211001,Urbana,0,0,0,0,0,0,0,100
22027475,2211001,Urbana,0,0,0,0,0,0,0,100
22027483,2211001,Urbana,0,0,0,0,0,0,0,100
22027505,2211001,Urbana,0,0,0,0,0,0,0,100
22027513,2211001,Urbana,0,0,0,0,0,0,0,100
22027548,2211001,Urbana,0,0,0,0,0,0,0,100
22027556,2211001,Urbana,0,0,0,0,0,0,0,100
22027564,2211001,Urbana,0,0,0,0,0,0,0,100
22027599,2211001,Urbana,0,0,0,0,0,0,0,100
22027602,2211001,Urbana,0,0,0,0,0,0,0,100
22027610,2211001,Urbana,0,0,0,0,0,0,0,100
22027629,2211001,Urbana,0,0,0,0,0,0,0,100
22027653,2211001,Urbana,0,0,0,0,0,0,0,100
22027661,2211001,Urbana,0,0,0,0,0,0,0,100
22027670,2211001,Urbana,0,0,0,0,0,0,0,100
22027700,2211001,Urbana,0,0,0,0,0,0,0,100
22027726,2211001,Urbana,0,0,0,0,0,0,0,100
22027742,2211001,Urbana,0,0,0,0,0,0,0,100
22027769,2211001,Urbana,0,0,0,0,0,0,0,100
22027777,2211001,Urbana,0,0,0,0,0,0,0,100
22027831,2211001,Urbana,0,0,0,0,0,0,0,100
22027874,2211001,Urbana,0,0,0,0,0,0,0,100
22027904,2211001,Urbana,0,0,0,0,0,0,0,100
22027939,2211001,Urbana,0,0,0,0,0,0,0,100
22027963,2211001,Urbana,0,0,0,0,0,0,0,100
22028021,2211001,Urbana,0,0,0,0,0,0,0,100
22028137,2211001,Urbana,0,0,0,0,0,0,0,100
22028145,2211001,Urbana,0,0,0,0,0,0,0,100
22028188,2211001,Urbana,0,0,0,0,0,0,0,100
22028242,2211001,Urbana,0,0,0,0,0,0,0,100
22028250,2211001,Urbana,0,0,0,0,0,0,0,100
22028269,2211001,Urbana,0,0,0,0,0,0,0,100
22028307,2211001,Urbana,0,0,0,0,0,0,0,100
22028315,2211001,Urbana,0,0,0,0,0,0,0,100
22028358,2211001,Urbana,0,0,0,0,0,0,0,100
22028366,2211001,Urbana,0,0,0,0,0,0,0,100
22028439,2211001,Urbana,0,0,0,0,0,0,0,100
22028455,2211001,Urbana,0,0,0,0,0,0,0,100
22028471,2211001,Urbana,0,0,0,0,0,0,0,100
22028560,2211001,Urbana,0,0,0,0,0,0,0,100
22028579,2211001,Urbana,0,0,0,0,0,0,0,100
22028609,2211001,Urbana,0,0,0,0,0,0,0,100
22028625,2211001,Urbana,0,0,0,0,0,0,0,100
22028650,2211001,Urbana,0,0,0,0,0,0,0,100
22028668,2211001,Urbana,0,0,0,0,0,0,0,100
22028676,2211001,Urbana,0,0,0,0,0,0,0,100
22028692,2211001,Urbana,0,0,0,0,0,0,0,100
22028820,2211001,Urbana,0,0,0,0,0,0,0,100
22028846,2211001,Urbana,0,0,0,0,0,0,0,100
22028900,2211001,Urbana,0,0,0,0,0,0,0,100
22028951,2211001,Urbana,1,0,0,0,0,0,0,100
22028960,2211001,Urbana,0,0,0,0,0,0,0,100
22029010,2211001,Urbana,0,0,0,0,0,0,0,100
22029028,2211001,Urbana,0,0,0,0,0,0,0,100
22029044,2211001,Urbana,0,0,0,0,0,0,0,100
22029079,2211001,Urbana,0,0,0,0,0,0,0,100
22029087,2211001,Urbana,1,0,0,0,0,0,0,100
22029117,2211001,Urbana,0,0,0,0,0,0,0,100
22029125,2211001,Urbana,0,0,0,0,0,0,0,100
22029192,2211001,Urbana,0,0,0,0,0,0,0,100
22104860,2211001,Urbana,0,0,0,0,0,0,0,100
22108114,2211001,Urbana,4,0,0,3,0,1,0,100
22115447,2211001,Urbana,0,0,0,0,0,0,0,100
22121935,2211001,Urbana,0,0,0,0,0,0,0,100
22124985,2211001,Urbana,1,0,0,0,0,0,0,100
22127160,2211001,Urbana,0,0,0,0,0,0,0,100
22131159,2211001,Urbana,0,0,0,0,0,0,0,100
22131167,2211001,Urbana,0,0,0,0,0,0,0,100
22133674,2211001,Urbana,0,0,0,0,0,0,0,100
22134310,2211001,Urbana,0,0,0,0,0,0,0,100
22135499,2211001,Urbana,0,0,0,0,0,0,0,100
22135618,2211001,Urbana,0,0,0,0,0,0,0,100
22135880,2211001,Urbana,0,0,0,0,0,0,0,100
22135987,2211001,Urbana,0,0,0,0,0,0,0,100
22138390,2211001,Urbana,0,0,0,0,0,0,0,100
22138404,2211001,Urbana,0,0,0,0,0,0,0,100
22138412,2211001,Urbana,0,0,0,0,0,0,0,100
22138420,2211001,Urbana,0,0,0,0,0,0,0,100
22138439,2211001,Urbana,0,0,0,0,0,0,0,100
22138455,2211001,Urbana,0,0,0,0,0,0,0,100
22139931,2211001,Urbana,0,0,0,0,0,0,0,100
22140379,2211001,Urbana,0,0,0,0,0,0,0,100
22140387,2211001,Urbana,0,0,0,0,0,0,0,100
22140662,2211001,Urbana,0,0,0,0,0,0,0,100
22140859,2211001,Urbana,0,0,0,0,0,0,0,100
22141162,2211001,Urbana,0,0,0,0,0,0,0,100
22142746,2211001,Urbana,0,0,0,0,0,0,0,100
22142754,2211001,Urbana,0,0,0,0,0,0,0,100
22142762,2211001,Urbana,0,0,0,0,0,0,0,100
22142770,2211001,Urbana,0,0,0,0,0,0,0,100
22143017,2211001,Urbana,0,0,0,0,0,0,0,100
22143050,2211001,Urbana,0,0,0,0,0,0,0,100
22143394,2211001,Urbana,0,0,0,0,0,0,0,100
22143416,2211001,Urbana,0,0,0,0,0,0,0,100
22143440,2211001,Urbana,0,0,0,0,0,0,0,100
22143572,2211001,Urbana,0,0,0,0,0,0,0,100
22143580,2211001,Urbana,0,0,0,0,0,0,0,100
22156801,2211001,Urbana,0,0,0,0,0,0,0,100
22161406,2211001,Urbana,0,0,0,0,0,0,0,100
22169601,2211001,Urbana,0,0,0,0,0,0,0,100
22170600,2211001,Urbana,0,0,0,0,0,0,0,100
22253726,2211001,Urbana,0,0,0,0,0,0,0,100
22256725,2211001,Urbana,0,0,0,0,0,0,0,100
22310754,2211001,Urbana,0,0,0,0,0,0,0,100
22029869,2211100,Rural,0,0,0,0,0,0,0,100
22134794,2211100,Rural,0,0,0,0,0,0,0,100
22149600,2211100,Rural,0,0,0,0,0,0,0,100
22029435,2211100,Urbana,0,0,0,0,0,0,0,100
22029524,2211100,Urbana,0,0,0,0,0,0,0,100
22029826,2211100,Urbana,0,0,0,0,0,0,0,100
22029982,2211100,Urbana,0,0,0,0,0,0,0,100
22030018,2211100,Urbana,0,0,0,0,0,0,0,100
22030123,2211100,Urbana,1,0,0,0,0,2,0,100
22030158,2211100,Urbana,0,0,0,0,0,0,0,100
22030174,2211100,Urbana,0,0,0,0,0,0,0,100
22030204,2211100,Urbana,0,0,0,0,0,0,0,100
22147209,2211100,Urbana,0,0,0,0,0,0,0,100
22053484,2211209,Urbana,0,0,0,0,0,0,0,100
22053620,2211209,Urbana,0,0,0,0,0,0,0,100
22053778,2211209,Urbana,0,0,0,0,0,0,0,100
22053832,2211209,Urbana,0,0,0,0,0,0,0,100
22143653,2211209,Urbana,0,0,0,0,0,0,0,100
22050450,2211308,Urbana,0,0,0,0,0,0,0,100
22050922,2211308,Urbana,0,0,0,0,0,0,0,100
22051066,2211308,Urbana,0,0,0,0,0,0,0,100
22051180,2211308,Urbana,0,0,0,0,0,0,0,100
22073418,2211357,Urbana,0,0,0,0,0,0,0,100
22051457,2211407,Urbana,0,0,0,0,0,0,0,100
22136509,2211506,Urbana,0,0,0,0,0,0,0,100
22127275,2211605,Urbana,0,0,0,0,0,0,0,100
22083065,2211704,Urbana,0,0,0,0,0,0,0,100
23062010,2303709,Rural,0,0,0,0,0,0,0,100
23062215,2303709,Rural,0,0,0,0,0,0,0,100
23062410,2303709,Rural,0,0,0,0,0,0,0,100
23062827,2303709,Rural,0,0,0,0,0,0,0,100
23062959,2303709,Rural,0,0,0,0,0,0,0,100
23063009,2303709,Rural,0,0,0,0,0,0,0,100
23063165,2303709,Rural,0,0,0,0,0,0,0,100
23063416,2303709,Rural,0,0,0,0,0,0,0,100
23063521,2303709,Rural,0,0,0,0,0,0,0,100
23063556,2303709,Rural,0,0,0,0,0,0,0,100
23063602,2303709,Rural,0,0,0,0,0,0,0,100
23063661,2303709,Rural,0,0,0,0,0,0,0,100
23063696,2303709,Rural,0,0,0,0,0,0,0,100
23063700,2303709,Rural,0,0,0,0,0,0,0,100
23063734,2303709,Rural,0,0,0,0,0,0,0,100
23063750,2303709,Rural,0,0,0,0,0,0,0,100
23063769,2303709,Rural,0,0,0,0,0,0,0,100
23063815,2303709,Rural,0,0,0,0,0,0,0,100
23063823,2303709,Rural,0,0,0,0,0,0,0,100
23063831,2303709,Rural,0,0,0,0,0,0,0,100
23063840,2303709,Rural,0,0,0,0,0,0,0,100
23063858,2303709,Rural,0,0,0,0,0,0,0,100
23063866,2303709,Rural,0,0,0,0,0,0,0,100
23063882,2303709,Rural,0,0,0,0,0,0,0,100
23063920,2303709,Rural,0,0,0,0,0,0,0,100
23063947,2303709,Rural,0,0,0,0,0,0,0,100
23063963,2303709,Rural,0,0,0,0,0,0,0,100
23064005,2303709,Rural,0,0,0,0,0,0,0,100
23064013,2303709,Rural,0,0,0,0,0,0,0,100
23064021,2303709,Rural,0,0,0,0,0,0,0,100
23064048,2303709,Rural,0,0,0,0,0,0,0,100
23064064,2303709,Rural,0,0,0,0,0,0,0,100
23064072,2303709,Rural,0,0,0,0,0,0,0,100
23064102,2303709,Rural,0,0,0,0,0,0,0,100
23064145,2303709,Rural,0,0,0,0,0,0,0,100
23064161,2303709,Rural,0,0,0,0,0,0,0,100
23064170,2303709,Rural,0,0,0,0,0,0,0,100
23064188,2303709,Rural,0,0,0,0,0,0,0,100
23064196,2303709,Rural,0,0,0,0,0,0,0,100
23064218,2303709,Rural,0,0,0,0,0,0,0,100
23064226,2303709,Rural,0,0,0,0,0,0,0,100
23064234,2303709,Rural,0,0,0,0,0,0,0,100
23064242,2303709,Rural,0,0,0,0,0,0,0,100
23064293,2303709,Rural,0,0,0,0,0,0,0,100
23064307,2303709,Rural,0,0,0,0,0,0,0,100
23064315,2303709,Rural,0,0,0,0,0,0,0,100
23174463,2303709,Rural,0,0,0,0,0,0,0,100
23179872,2303709,Rural,0,0,0,0,0,0,0,100
23180641,2303709,Rural,0,0,0,0,0,0,0,100
23223286,2303709,Rural,0,0,0,0,0,0,0,100
23223294,2303709,Rural,0,0,0,0,0,0,0,100
23223308,2303709,Rural,0,0,0,0,0,0,0,100
23223634,2303709,Rural,0,0,0,0,0,0,0,100
23232641,2303709,Rural,0,0,0,0,0,0,0,100
23233257,2303709,Rural,0,0,0,0,0,0,0,100
23249609,2303709,Rural,0,0,0,0,0,0,0,100
23264594,2303709,Rural,0,0,0,0,0,0,0,100
23264608,2303709,Rural,0,0,0,0,0,0,0,100
23273739,2303709,Rural,0,0,0,0,0,0,0,100
23061944,2303709,Urbana,5,0,0,0,0,6,0,30
23061952,2303709,Urbana,0,0,0,0,0,0,0,5
23061960,2303709,Urbana,0,0,0,0,0,0,0,10
23062029,2303709,Urbana,0,0,0,0,0,0,0,40
23062053,2303709,Urbana,0,0,0,0,0,0,0,30
23062061,2303709,Urbana,3,0,0,0,0,0,0,20
23062100,2303709,Urbana,0,0,0,0,0,0,0,10
23062118,2303709,Urbana,0,0,0,0,0,0,0,0
23062169,2303709,Urbana,0,0,0,0,0,0,0,0
23062207,2303709,Urbana,0,0,0,0,0,0,0,0
23062223,2303709,Urbana,0,0,0,0,0,0,0,0
23062231,2303709,Urbana,0,0,0,0,0,0,0,0
23062240,2303709,Urbana,0,0,0,0,0,0,0,0
23062290,2303709,Urbana,0,0,0,0,0,0,0,5
23062320,2303709,Urbana,0,0,0,0,0,0,0,0
23062339,2303709,Urbana,0,0,0,0,0,0,0,0
23062363,2303709,Urbana,5,0,0,0,0,1,0,10
23062452,2303709,Urbana,0,0,0,0,0,0,0,0
23062487,2303709,Urbana,0,0,0,0,0,0,0,5
23062568,2303709,Urbana,1,0,0,0,0,0,0,2
23062614,2303709,Urbana,0,0,0,0,0,0,0,10
23062819,2303709,Urbana,0,0,0,0,0,0,0,5
23062860,2303709,Urbana,0,0,0,0,0,0,0,0
23062908,2303709,Urbana,0,0,0,0,0,0,0,0
23062916,2303709,Urbana,0,0,0,0,0,0,0,0
23062932,2303709,Urbana,0,0,0,0,0,0,0,0
23062983,2303709,Urbana,0,0,0,0,0,0,0,0
23063025,2303709,Urbana,0,0,0,0,0,0,0,0
23063033,2303709,Urbana,0,0,0,0,0,0,0,0
23063068,2303709,Urbana,0,0,0,0,0,0,0,0
23063084,2303709,Urbana,0,0,0,0,0,0,0,0
23063173,2303709,Urbana,0,0,0,0,0,0,0,0
23063181,2303709,Urbana,0,0,0,0,0,0,0,0
23063203,2303709,Urbana,0,0,0,0,0,0,0,0
23063220,2303709,Urbana,0,0,0,0,0,0,0,10
23063238,2303709,Urbana,0,0,0,0,0,0,0,5
23063343,2303709,Urbana,0,0,0,0,0,0,0,0
23063351,2303709,Urbana,0,0,0,0,0,0,0,0
23063483,2303709,Urbana,0,0,0,0,0,0,0,0
23063491,2303709,Urbana,0,0,0,0,0,0,0,0
23063530,2303709,Urbana,0,0,0,0,0,0,0,0
23063548,2303709,Urbana,0,0,0,0,0,0,0,0
23063572,2303709,Urbana,0,0,0,0,0,0,0,0
23063718,2303709,Urbana,0,0,0,0,0,0,0,0
23063726,2303709,Urbana,0,0,0,0,0,0,0,0
23063955,2303709,Urbana,0,0,0,0,0,0,0,0
23064056,2303709,Urbana,0,0,0,0,0,0,0,0
23174536,2303709,Urbana,0,0,0,0,0,0,0,5
23180331,2303709,Urbana,0,0,0,0,0,0,0,0
23180471,2303709,Urbana,0,0,0,0,0,0,0,5
23191210,2303709,Urbana,0,0,0,0,0,0,0,0
23193140,2303709,Urbana,0,0,0,0,0,0,0,0
23193166,2303709,Urbana,0,0,0,0,0,0,0,0
23203250,2303709,Urbana,0,0,0,0,0,0,0,0
23207892,2303709,Urbana,0,0,0,0,0,0,0,0
23207957,2303709,Urbana,0,0,0,0,0,0,0,0
23207973,2303709,Urbana,0,0,0,0,0,0,0,10
23223197,2303709,Urbana,0,0,0,0,0,0,0,0
23223200,2303709,Urbana,0,0,0,0,0,0,0,0
23223219,2303709,Urbana,0,0,0,0,0,0,0,0
23223227,2303709,Urbana,0,0,0,0,0,0,0,0
23223332,2303709,Urbana,1,0,0,0,0,0,0,5
23223626,2303709,Urbana,0,0,0,0,0,0,0,20
23223820,2303709,Urbana,0,0,0,0,0,0,0,0
23223855,2303709,Urbana,1,0,0,0,0,0,0,15
23233524,2303709,Urbana,0,0,0,0,0,0,0,30
23233869,2303709,Urbana,0,0,0,0,0,0,0,0
23241535,2303709,Urbana,0,0,0,0,0,0,0,100
23241543,2303709,Urbana,0,0,0,0,0,0,0,0
23241551,2303709,Urbana,0,0,0,0,0,0,0,0
23241560,2303709,Urbana,0,0,0,0,0,0,0,0
23241586,2303709,Urbana,0,0,0,0,0,0,0,0
23244860,2303709,Urbana,0,0,0,0,0,0,0,0
23249544,2303709,Urbana,0,0,0,0,0,0,0,0
23249552,2303709,Urbana,0,0,0,0,0,0,0,0
23249560,2303709,Urbana,0,0,0,0,0,0,0,0
23249579,2303709,Urbana,0,0,0,0,0,0,0,5
23249587,2303709,Urbana,0,0,0,0,0,0,0,10
23249595,2303709,Urbana,0,0,0,0,0,0,0,5
23249617,2303709,Urbana,0,0,0,0,0,0,0,0
23257903,2303709,Urbana,0,0,0,0,0,0,0,5
23257938,2303709,Urbana,0,0,0,0,0,1,0,10
23257946,2303709,Urbana,0,0,0,0,1,1,0,20
23259795,2303709,Urbana,0,0,0,0,0,0,0,15
23262508,2303709,Urbana,0,0,0,0,0,0,0,0
23263067,2303709,Urbana,0,0,0,0,0,0,0,0
23268077,2303709,Urbana,0,0,0,0,0,0,0,0
23268743,2303709,Urbana,0,0,0,0,0,0,0,0
23269910,2303709,Urbana,0,0,0,0,0,0,0,0
23269936,2303709,Urbana,0,0,0,0,0,0,0,0
23269952,2303709,Urbana,0,0,0,0,0,0,0,0
23274190,2303709,Urbana,0,0,0,0,0,0,0,0
23301414,2303709,Urbana,0,0,0,0,0,0,0,0
23328835,2303709,Urbana,0,0,0,0,0,0,0,0
23329017,2303709,Urbana,0,0,0,0,0,0,0,0
23329025,2303709,Urbana,0,0,0,0,0,0,0,0
23448636,2303709,Urbana,0,0,0,0,0,0,0,0
25071238,2504009,Rural,3,0,0,0,0,0,0,50
25071246,2504009,Rural,2,0,0,0,0,0,0,90
25073761,2504009,Rural,1,0,0,0,0,0,0,95
25073907,2504009,Rural,5,0,0,0,0,0,0,80
25073923,2504009,Rural,2,0,0,0,0,0,0,85
25074610,2504009,Rural,1,0,0,0,0,1,0,40
25076205,2504009,Rural,0,0,0,0,0,0,0,30
25076213,2504009,Rural,0,0,0,0,0,0,0,40
25076221,2504009,Rural,4,0,0,0,0,0,0,40
25076230,2504009,Rural,3,0,0,0,0,0,0,25
25076256,2504009,Rural,0,0,0,0,0,0,0,40
25076280,2504009,Rural,2,0,0,0,0,0,0,35
25076434,2504009,Rural,0,0,0,0,0,0,0,95
25076442,2504009,Rural,1,0,0,0,0,0,0,85
25076485,2504009,Rural,3,0,0,0,0,0,0,90
25076493,2504009,Rural,4,0,0,0,0,0,0,80
25076515,2504009,Rural,1,0,0,0,0,0,0,85
25076531,2504009,Rural,2,0,0,0,0,0,0,80
25076884,2504009,Rural,3,0,0,0,0,0,0,76
25076892,2504009,Rural,6,0,0,0,0,0,0,80
25076922,2504009,Rural,1,0,0,0,0,0,0,100
25076930,2504009,Rural,2,0,0,0,0,0,0,100
25077023,2504009,Rural,3,0,0,0,0,0,0,100
25077031,2504009,Rural,0,0,0,0,0,0,0,90
25077040,2504009,Rural,0,0,0,0,0,0,0,90
25077058,2504009,Rural,2,0,0,0,0,0,0,10
25077066,2504009,Rural,2,0,0,0,0,0,0,85
25130633,2504009,Rural,4,0,0,0,0,0,0,80
25139207,2504009,Rural,4,0,0,0,0,0,0,80
25148800,2504009,Rural,3,0,0,0,0,0,0,70
25070720,2504009,Urbana,11,0,0,0,0,0,0,60
25070789,2504009,Urbana,14,0,0,0,0,0,0,65
25071157,2504009,Urbana,6,0,0,0,0,0,0,80
25071165,2504009,Urbana,4,0,0,0,0,0,0,95
25071173,2504009,Urbana,5,0,0,0,0,0,0,100
25071181,2504009,Urbana,11,0,0,0,0,0,0,55
25071190,2504009,Urbana,5,0,0,0,0,0,0,100
25071203,2504009,Urbana,3,0,0,0,0,0,0,85
25071211,2504009,Urbana,2,0,0,0,0,0,0,90
25071220,2504009,Urbana,11,0,0,0,0,0,0,100
25071254,2504009,Urbana,10,0,0,0,0,0,0,100
25071262,2504009,Urbana,9,0,0,0,0,0,0,100
25071289,2504009,Urbana,8,0,0,0,0,0,0,100
25071297,2504009,Urbana,7,0,0,0,0,0,0,100
25071319,2504009,Urbana,6,0,0,0,0,0,0,100
25071327,2504009,Urbana,2,0,0,0,0,0,0,100
25071335,2504009,Urbana,3,0,0,0,0,0,0,100
25071343,2504009,Urbana,14,0,0,0,0,0,0,100
25071351,2504009,Urbana,15,0,0,0,0,0,0,100
25071360,2504009,Urbana,9,0,0,0,0,0,0,100
25071378,2504009,Urbana,5,0,0,0,0,0,0,100
25071386,2504009,Urbana,7,0,0,0,0,0,0,100
25072170,2504009,Urbana,8,0,0,0,0,0,0,85
25072552,2504009,Urbana,11,0,0,0,0,0,0,100
25072820,2504009,Urbana,13,0,0,0,0,0,0,100
25072889,2504009,Urbana,14,0,0,0,0,0,0,100
25072919,2504009,Urbana,15,0,0,0,0,0,0,85
25073567,2504009,Urbana,7,0,0,0,0,0,0,100
25073575,2504009,Urbana,5,0,0,0,0,0,0,100
25073613,2504009,Urbana,4,0,0,0,0,0,0,100
25073630,2504009,Urbana,14,0,0,0,0,0,0,100
25073648,2504009,Urbana,22,0,0,0,0,0,0,100
25073656,2504009,Urbana,1,0,0,0,0,0,0,100
25073664,2504009,Urbana,3,0,0,0,0,0,0,100
25073699,2504009,Urbana,5,0,0,0,0,0,0,100
25073710,2504009,Urbana,6,0,0,0,0,0,0,85
25073729,2504009,Urbana,7,0,0,0,0,0,0,85
25073737,2504009,Urbana,8,0,0,0,0,0,0,80
25073745,2504009,Urbana,2,0,0,0,0,0,0,70
25073770,2504009,Urbana,3,0,0,0,0,0,0,100
25073800,2504009,Urbana,2,0,0,0,0,0,0,100
25073826,2504009,Urbana,1,0,0,0,0,0,0,100
25073842,2504009,Urbana,23,0,0,0,0,0,0,100
25073850,2504009,Urbana,2,0,0,0,0,0,0,100
25073877,2504009,Urbana,2,0,0,0,0,0,0,100
25073885,2504009,Urbana,11,0,0,0,0,2,0,100
25073958,2504009,Urbana,13,0,0,0,0,1,0,100
25073982,2504009,Urbana,4,0,1,0,0,0,0,100
25074024,2504009,Urbana,5,0,0,0,0,0,0,100
25074032,2504009,Urbana,13,1,0,1,0,0,0,100
25074059,2504009,Urbana,3,0,0,0,0,0,0,100
25074075,2504009,Urbana,20,0,0,0,0,2,0,100
25074091,2504009,Urbana,2,0,0,0,0,0,0,100
25074113,2504009,Urbana,2,0,0,0,0,0,0,100
25074148,2504009,Urbana,2,0,0,0,0,0,0,100
25074164,2504009,Urbana,2,0,0,0,0,0,0,100
25074172,2504009,Urbana,4,0,0,0,0,0,0,100
25074199,2504009,Urbana,1,0,0,0,0,0,0,100
25074229,2504009,Urbana,3,0,1,0,0,0,0,100
25074245,2504009,Urbana,5,0,0,0,0,0,0,100
25074288,2504009,Urbana,6,0,0,0,0,0,0,100
25074296,2504009,Urbana,7,0,0,0,0,0,0,100
25074326,2504009,Urbana,8,0,0,0,0,0,0,100
25074369,2504009,Urbana,11,0,0,0,0,0,0,100
25074377,2504009,Urbana,12,0,0,1,0,0,0,100
25074393,2504009,Urbana,11,0,0,0,0,0,0,100
25074407,2504009,Urbana,10,0,0,0,0,0,0,100
25074482,2504009,Urbana,9,0,0,0,0,0,0,100
25074512,2504009,Urbana,6,0,0,0,0,0,0,100
25074547,2504009,Urbana,5,0,0,0,0,0,0,100
25074563,2504009,Urbana,4,0,0,0,0,0,0,100
25074571,2504009,Urbana,3,0,0,0,0,0,0,100
25074580,2504009,Urbana,11,0,0,0,0,0,0,100
25074636,2504009,Urbana,9,0,0,0,0,0,0,100
25074644,2504009,Urbana,6,0,0,0,0,0,0,100
25074695,2504009,Urbana,5,0,0,0,0,0,0,100
25074717,2504009,Urbana,3,0,0,0,0,0,0,100
25074733,2504009,Urbana,2,0,0,0,0,0,0,100
25074741,2504009,Urbana,11,0,0,0,0,0,0,100
25074776,2504009,Urbana,22,0,1,0,0,0,0,100
25074792,2504009,Urbana,10,0,0,0,0,0,0,100
25074806,2504009,Urbana,6,0,0,0,0,1,0,100
25074814,2504009,Urbana,0,0,0,0,0,0,0,100
25074903,2504009,Urbana,0,0,0,0,0,0,0,100
25074920,2504009,Urbana,3,0,0,0,0,0,0,100
25074938,2504009,Urbana,2,0,0,0,0,0,0,100
25074962,2504009,Urbana,11,0,0,0,0,0,0,100
25075020,2504009,Urbana,5,0,0,0,0,0,0,100
25075047,2504009,Urbana,5,0,0,0,0,0,0,100
25075071,2504009,Urbana,6,0,0,0,0,0,0,100
25075462,2504009,Urbana,0,0,0,0,0,0,0,100
25076183,2504009,Urbana,7,0,0,0,0,0,0,100
25108662,2504009,Urbana,7,0,0,0,0,0,0,100
25111469,2504009,Urbana,11,0,0,0,0,0,0,100
25112961,2504009,Urbana,13,1,0,0,0,0,0,100
25115154,2504009,Urbana,11,0,0,0,0,0,0,100
25117882,2504009,Urbana,12,0,0,0,0,0,0,100
25119532,2504009,Urbana,5,0,0,0,0,0,0,100
25119540,2504009,Urbana,7,0,0,0,0,0,0,100
25120646,2504009,Urbana,8,0,0,0,0,0,1,100
25121650,2504009,Urbana,9,0,0,0,0,0,0,100
25121669,2504009,Urbana,1,0,0,0,0,0,0,100
25121677,2504009,Urbana,0,0,0,0,0,0,0,100
25121685,2504009,Urbana,0,0,1,0,0,0,0,100
25122576,2504009,Urbana,3,0,0,0,0,0,0,100
25125222,2504009,Urbana,2,0,0,0,1,0,0,100
25128531,2504009,Urbana,1,0,0,0,0,0,0,100
25128540,2504009,Urbana,6,0,0,0,0,0,0,100
25129732,2504009,Urbana,7,0,0,0,0,0,0,100
25130102,2504009,Urbana,6,0,0,0,0,0,0,100
25130137,2504009,Urbana,0,0,0,0,0,0,0,100
25130145,2504009,Urbana,23,0,0,1,0,0,0,100
25131338,2504009,Urbana,11,0,0,0,0,0,0,100
25131346,2504009,Urbana,11,0,0,0,0,0,0,100
25131354,2504009,Urbana,0,0,0,0,0,0,0,100
25131370,2504009,Urbana,0,0,0,0,0,0,0,100
25131400,2504009,Urbana,3,0,0,0,0,0,0,100
25141406,2504009,Urbana,0,0,0,0,0,0,0,100
25150200,2504009,Urbana,2,0,0,0,0,0,0,100
25208802,2504009,Urbana,0,0,0,0,0,0,0,100
25209809,2504009,Urbana,2,0,0,0,0,0,0,100
26129809,2602902,Rural,1,0,0,0,0,0,0,100
26129833,2602902,Rural,0,0,0,0,0,0,0,100
26129850,2602902,Rural,0,0,0,0,0,0,0,100
26129876,2602902,Rural,0,0,0,0,0,0,0,100
26129892,2602902,Rural,0,0,0,0,0,0,0,100
26129930,2602902,Rural,2,0,0,0,0,2,0,100
26129949,2602902,Rural,0,0,0,0,0,0,0,100
26129957,2602902,Rural,0,0,0,0,0,0,0,100
26129965,2602902,Rural,0,0,0,0,0,0,0,100
26129973,2602902,Rural,0,0,0,0,0,0,0,100
26129981,2602902,Rural,0,0,0,0,0,0,0,100
26130025,2602902,Rural,0,0,0,0,0,0,0,100
26130033,2602902,Rural,0,0,0,0,0,0,0,100
26130050,2602902,Rural,0,0,0,0,0,0,0,100
26130165,2602902,Rural,3,0,0,0,1,0,0,100
26130173,2602902,Rural,0,0,0,0,0,0,0,100
26130211,2602902,Rural,0,0,0,0,0,0,0,100
26130254,2602902,Rural,0,0,0,0,0,0,0,100
26130262,2602902,Rural,0,0,0,0,0,0,0,100
26130270,2602902,Rural,0,0,0,0,0,0,0,100
26130289,2602902,Rural,4,0,0,0,0,0,0,100
26130300,2602902,Rural,0,0,0,0,0,0,0,100
26130335,2602902,Rural,1,0,0,0,0,0,0,100
26130343,2602902,Rural,0,0,0,0,0,0,0,100
26130394,2602902,Rural,0,0,0,0,0,0,0,100
26130408,2602902,Rural,0,0,0,0,0,0,0,100
26130416,2602902,Rural,5,1,0,0,0,0,0,100
26130459,2602902,Rural,0,0,0,0,0,0,0,100
26130467,2602902,Rural,0,0,0,0,0,0,0,100
26130483,2602902,Rural,0,0,0,0,0,0,0,100
26130491,2602902,Rural,0,0,0,0,0,0,0,100
26130599,2602902,Rural,0,0,0,0,0,0,0,100
26130602,2602902,Rural,0,0,0,0,0,0,0,100
26130610,2602902,Rural,0,0,0,0,0,0,0,100
26130629,2602902,Rural,0,0,0,0,0,0,0,100
26130726,2602902,Rural,0,0,0,0,0,0,0,100
26130734,2602902,Rural,0,0,0,0,0,0,0,100
26130785,2602902,Rural,0,0,0,0,0,0,0,100
26130882,2602902,Rural,0,0,0,0,0,0,0,100
26130890,2602902,Rural,0,0,0,0,0,0,0,100
26133164,2602902,Rural,0,0,0,0,0,0,0,100
26133318,2602902,Rural,0,0,0,0,0,0,0,100
26137780,2602902,Rural,0,0,0,0,0,0,0,100
26138557,2602902,Rural,0,0,0,0,0,0,0,100
26138581,2602902,Rural,0,0,0,0,0,0,0,100
26138670,2602902,Rural,0,0,0,0,0,0,0,100
26144794,2602902,Rural,0,0,0,0,0,0,0,100
26148170,2602902,Rural,0,0,0,0,0,0,0,100
26148196,2602902,Rural,0,0,0,0,0,0,0,100
26153602,2602902,Rural,0,0,0,0,0,0,0,100
26153610,2602902,Rural,0,0,0,0,0,0,0,100
26153661,2602902,Rural,0,0,0,0,0,0,0,100
26154129,2602902,Rural,0,0,0,0,0,0,0,100
26157691,2602902,Rural,0,0,0,0,0,0,0,100
26199408,2602902,Rural,1,0,0,0,0,0,0,100
26200007,2602902,Rural,0,0,0,0,0,0,0,100
26201402,2602902,Rural,0,0,0,0,0,0,0,100
26202000,2602902,Rural,0,0,0,0,0,0,0,100
26203804,2602902,Rural,0,0,0,0,0,0,0,100
26206005,2602902,Rural,0,0,0,0,0,0,0,100
26129795,2602902,Urbana,0,0,0,0,0,0,0,100
26129825,2602902,Urbana,4,2,1,0,0,0,0,100
26129841,2602902,Urbana,0,0,0,0,0,0,0,100
26130009,2602902,Urbana,0,0,0,0,0,0,0,100
26130017,2602902,Urbana,0,0,0,0,0,0,0,100
26130076,2602902,Urbana,3,0,0,0,0,1,1,100
26130157,2602902,Urbana,0,0,0,0,0,0,0,100
26130238,2602902,Urbana,2,0,0,0,0,0,0,100
26130246,2602902,Urbana,0,0,0,0,0,0,0,100
26130351,2602902,Urbana,1,0,0,0,0,0,0,100
26130440,2602902,Urbana,0,0,0,0,0,0,0,100
26130505,2602902,Urbana,0,0,0,0,0,0,0,100
26130637,2602902,Urbana,1,0,0,0,0,0,0,100
26130653,2602902,Urbana,0,0,0,0,0,0,0,100
26130661,2602902,Urbana,0,0,0,0,0,0,0,80
26130750,2602902,Urbana,0,0,0,0,0,0,0,75
26130777,2602902,Urbana,0,0,0,0,0,0,0,90
26130807,2602902,Urbana,0,0,0,0,0,0,0,95
26130815,2602902,Urbana,0,0,0,0,0,0,0,100
26130823,2602902,Urbana,0,0,0,0,0,0,0,80
26137763,2602902,Urbana,0,0,0,0,0,0,0,55
26138140,2602902,Urbana,0,0,0,0,0,0,0,50
26148188,2602902,Urbana,6,0,0,0,0,1,1,85
26153700,2602902,Urbana,0,0,0,0,0,0,0,40
26153718,2602902,Urbana,2,0,0,0,0,0,0,85
26153734,2602902,Urbana,0,0,0,0,0,0,0,80
26153750,2602902,Urbana,0,0,0,0,0,0,0,60
26154226,2602902,Urbana,3,0,0,0,0,0,0,65
26154366,2602902,Urbana,0,0,0,0,0,0,0,50
26157667,2602902,Urbana,7,0,0,0,0,0,0,55
26159759,2602902,Urbana,0,0,0,0,0,0,0,100
26177412,2602902,Urbana,0,0,0,0,0,0,0,85
26177420,2602902,Urbana,5,0,0,0,0,0,0,80
26177439,2602902,Urbana,0,0,0,0,0,0,0,80
26177447,2602902,Urbana,0,0,0,0,0,0,0,60
26178362,2602902,Urbana,8,0,0,0,0,0,0,100
26182971,2602902,Urbana,0,0,0,0,0,0,0,100
26182980,2602902,Urbana,0,0,0,0,0,0,0,100
26200805,2602902,Urbana,0,0,0,0,0,0,0,100
26201607,2602902,Urbana,0,0,0,0,0,0,0,100
26202204,2602902,Urbana,3,0,0,0,0,1,0,55
26202409,2602902,Urbana,0,0,0,0,0,0,0,100
26203200,2602902,Urbana,0,0,0,0,0,0,0,55
26204207,2602902,Urbana,0,0,0,0,0,0,0,60
26204606,2602902,Urbana,2,0,0,0,0,0,0,85
26217805,2602902,Urbana,3,0,1,0,0,0,0,80
26475723,2602902,Urbana,3,0,0,0,0,1,0,100
26528746,2602902,Urbana,11,0,0,0,0,2,0,100
26529777,2602902,Urbana,0,0,0,0,0,0,0,100
26532727,2602902,Urbana,1,0,0,0,0,0,0,100
26054191,2604106,Rural,0,0,0,0,0,0,0,80
26054205,2604106,Rural,0,0,0,0,0,0,0,100
26054213,2604106,Rural,0,0,0,0,0,0,0,100
26054256,2604106,Rural,0,0,0,0,0,0,0,100
26054272,2604106,Rural,0,0,0,0,0,0,0,100
26054299,2604106,Rural,0,0,0,0,0,0,0,100
26054302,2604106,Rural,0,0,0,0,0,0,0,100
26054345,2604106,Rural,0,0,0,0,0,0,0,100
26054370,2604106,Rural,0,0,0,0,0,0,0,100
26054388,2604106,Rural,0,0,0,0,0,0,0,100
26054434,2604106,Rural,0,0,0,0,0,0,0,100
26054469,2604106,Rural,0,0,0,0,0,0,0,100
26054485,2604106,Rural,0,0,0,0,0,0,0,100
26054493,2604106,Rural,0,0,0,0,0,0,0,100
26054531,2604106,Rural,0,0,0,0,0,0,0,100
26054558,2604106,Rural,0,0,0,0,0,0,0,100
26054604,2604106,Rural,0,0,0,0,0,0,0,100
26054612,2604106,Rural,0,0,0,0,0,0,0,100
26054647,2604106,Rural,0,0,0,0,0,0,0,100
26054655,2604106,Rural,0,0,0,0,0,0,0,100
26054663,2604106,Rural,0,0,0,0,0,0,0,100
26054698,2604106,Rural,0,0,0,0,0,0,0,100
26054701,2604106,Rural,0,0,0,0,0,0,0,100
26054710,2604106,Rural,0,0,0,0,0,0,0,100
26054728,2604106,Rural,0,0,0,0,0,0,0,100
26054736,2604106,Rural,0,0,0,0,0,0,0,100
26054752,2604106,Rural,0,0,0,0,0,0,0,100
26054973,2604106,Rural,0,0,0,0,0,0,0,100
26055244,2604106,Rural,0,0,0,0,0,0,0,100
26055279,2604106,Rural,0,0,0,0,0,0,0,100
26055287,2604106,Rural,0,0,0,0,0,0,0,100
26055422,2604106,Rural,0,0,0,0,0,0,0,100
26055740,2604106,Rural,0,0,0,0,0,0,0,100
26055767,2604106,Rural,0,0,0,0,0,0,0,100
26055813,2604106,Rural,0,0,0,0,0,0,0,100
26055848,2604106,Rural,0,0,0,0,0,0,0,100
26055864,2604106,Rural,0,0,0,0,0,0,0,100
26055880,2604106,Rural,0,0,0,0,0,0,0,100
26055902,2604106,Rural,0,0,0,0,0,0,0,100
26055910,2604106,Rural,0,0,0,0,0,0,0,100
26055937,2604106,Rural,0,0,0,0,0,0,0,100
26055945,2604106,Rural,0,0,0,0,0,0,0,100
26055961,2604106,Rural,0,0,0,0,0,0,0,100
26055970,2604106,Rural,0,0,0,0,0,0,0,100
26055996,2604106,Rural,0,0,0,0,0,0,0,100
26056046,2604106,Rural,0,0,0,0,0,0,0,100
26056070,2604106,Rural,0,0,0,0,0,0,0,100
26056089,2604106,Rural,0,0,0,0,0,0,0,100
26056135,2604106,Rural,0,0,0,0,0,0,0,100
26056151,2604106,Rural,0,0,0,0,0,0,0,100
26056178,2604106,Rural,0,0,0,0,0,0,0,100
26056186,2604106,Rural,0,0,0,0,0,0,0,100
26056194,2604106,Rural,0,0,0,0,0,0,0,100
26056208,2604106,Rural,0,0,0,0,0,0,0,100
26056216,2604106,Rural,0,0,0,0,0,0,0,100
26056224,2604106,Rural,0,0,0,0,0,0,0,100
26056259,2604106,Rural,0,0,0,0,0,0,0,100
26056267,2604106,Rural,0,0,0,0,0,0,0,100
26056275,2604106,Rural,0,0,0,0,0,0,0,100
26056291,2604106,Rural,0,0,0,0,0,0,0,100
26056305,2604106,Rural,0,0,0,0,0,0,0,100
26056313,2604106,Rural,0,0,0,0,0,0,0,100
26056330,2604106,Rural,0,0,0,0,0,0,0,100
26056356,2604106,Rural,0,0,0,0,0,0,0,100
26056364,2604106,Rural,0,0,0,0,0,0,0,100
26056372,2604106,Rural,0,0,0,0,0,0,0,100
26056380,2604106,Rural,0,0,0,0,0,0,0,100
26056402,2604106,Rural,0,0,0,0,0,0,0,100
26056410,2604106,Rural,0,0,0,0,0,0,0,100
26056429,2604106,Rural,0,0,0,0,0,0,0,100
26056445,2604106,Rural,0,0,0,0,0,0,0,100
26056453,2604106,Rural,0,0,0,0,0,0,0,100
26056488,2604106,Rural,0,0,0,0,0,0,0,100
26136365,2604106,Rural,0,0,0,0,0,0,0,100
26141191,2604106,Rural,0,0,0,0,0,0,0,100
26152142,2604106,Rural,0,0,0,0,0,0,0,100
26158094,2604106,Rural,0,0,0,0,0,0,0,100
26158795,2604106,Rural,0,0,0,0,0,0,0,100
26179652,2604106,Rural,0,0,0,0,0,0,0,100
26179660,2604106,Rural,0,0,0,0,0,0,0,100
26537710,2604106,Rural,0,0,0,0,0,0,0,100
26053926,2604106,Urbana,0,0,0,0,0,0,0,100
26054078,2604106,Urbana,0,0,0,0,0,0,0,100
26054744,2604106,Urbana,0,0,0,0,0,0,0,100
26054760,2604106,Urbana,0,0,0,0,0,0,0,100
26054779,2604106,Urbana,0,0,0,0,0,0,0,100
26054841,2604106,Urbana,0,0,0,0,0,0,0,100
26054990,2604106,Urbana,0,0,0,0,0,0,0,100
26055120,2604106,Urbana,0,0,0,0,0,0,0,100
26055147,2604106,Urbana,0,0,0,0,0,0,0,100
26055260,2604106,Urbana,0,0,0,0,0,0,0,100
26055295,2604106,Urbana,0,0,0,0,0,0,0,100
26055309,2604106,Urbana,0,0,0,0,0,0,0,100
26055333,2604106,Urbana,0,0,0,0,0,0,0,100
26055350,2604106,Urbana,0,0,0,0,0,0,0,100
26055465,2604106,Urbana,0,0,0,0,0,0,0,100
26055635,2604106,Urbana,0,0,0,0,0,0,0,100
26055651,2604106,Urbana,0,0,0,0,0,0,0,100
26055724,2604106,Urbana,0,0,0,0,0,0,0,100
26056526,2604106,Urbana,0,0,0,0,0,0,0,100
26132124,2604106,Urbana,0,0,0,0,0,0,0,100
26132130,2604106,Urbana,0,0,0,0,0,0,0,100
26132141,2604106,Urbana,0,0,0,0,0,0,0,100
26133019,2604106,Urbana,0,0,0,0,0,0,0,100
26133402,2604106,Urbana,0,0,0,0,0,0,0,100
26133819,2604106,Urbana,0,0,0,0,0,0,0,100
26138913,2604106,Urbana,0,0,0,0,0,0,0,100
26151316,2604106,Urbana,0,0,0,0,0,0,0,100
26154625,2604106,Urbana,0,0,0,0,0,0,0,100
26154633,2604106,Urbana,0,0,0,0,0,0,0,100
26160471,2604106,Urbana,0,0,0,0,0,0,0,100
26166046,2604106,Urbana,0,0,0,0,0,0,0,100
26169622,2604106,Urbana,0,0,0,0,0,0,0,100
26169630,2604106,Urbana,0,0,0,0,0,0,0,100
26169649,2604106,Urbana,0,0,0,0,0,0,0,100
26171961,2604106,Urbana,0,0,0,0,0,0,0,100
26177234,2604106,Urbana,0,0,0,0,0,0,0,100
26177269,2604106,Urbana,0,0,0,0,0,0,0,100
26178648,2604106,Urbana,0,0,0,0,0,0,0,100
26179644,2604106,Urbana,0,0,0,0,0,0,0,100
26182513,2604106,Urbana,0,0,0,0,0,0,0,100
26186616,2604106,Urbana,0,0,0,0,0,0,0,100
26186624,2604106,Urbana,0,0,0,0,0,0,0,100
26186845,2604106,Urbana,0,0,0,0,0,0,0,100
26187043,2604106,Urbana,0,0,0,0,0,0,0,100
26187736,2604106,Urbana,0,0,0,0,0,0,0,100
26188180,2604106,Urbana,0,0,0,0,0,0,0,100
26188198,2604106,Urbana,0,0,0,0,0,0,0,100
26188201,2604106,Urbana,0,0,0,0,0,0,0,100
26188210,2604106,Urbana,0,0,0,0,0,0,0,100
26188228,2604106,Urbana,0,0,0,0,0,0,0,100
26188422,2604106,Urbana,0,0,0,0,0,0,0,100
26189291,2604106,Urbana,0,0,0,0,0,0,0,100
26538717,2604106,Urbana,0,0,0,0,0,0,0,100
26538725,2604106,Urbana,0,0,0,0,0,0,0,100
27000095,2700102,Urbana,0,0,0,0,0,0,0,100
27000710,2700102,Urbana,0,0,0,0,0,0,0,100
27041212,2700201,Urbana,0,0,0,0,0,0,0,100
27016331,2700300,Urbana,0,0,0,0,0,0,0,100
27016358,2700300,Urbana,0,0,0,0,0,0,0,100
27016366,2700300,Urbana,0,0,0,0,0,0,0,100
27016382,2700300,Urbana,0,0,0,0,0,0,0,100
27016390,2700300,Urbana,0,0,0,0,0,0,0,100
27016404,2700300,Urbana,0,0,0,0,0,0,0,100
27016412,2700300,Urbana,0,0,0,0,0,0,0,100
27016420,2700300,Urbana,0,0,0,0,0,0,0,100
27016447,2700300,Urbana,0,0,0,0,0,0,0,100
27016455,2700300,Urbana,0,0,0,0,0,0,0,100
27016471,2700300,Urbana,0,0,0,0,0,0,0,100
27016480,2700300,Urbana,0,0,0,0,0,0,0,100
27016510,2700300,Urbana,0,0,0,0,0,0,0,100
27016528,2700300,Urbana,0,0,0,0,0,0,0,100
27016579,2700300,Urbana,0,0,0,0,0,0,0,100
27051528,2700300,Urbana,0,0,0,0,0,0,0,100
27226158,2700300,Urbana,0,0,0,0,0,0,0,100
27026337,2700409,Urbana,0,0,0,0,0,0,0,100
27034003,2700508,Urbana,0,0,0,0,0,0,0,100
27034070,2700607,Urbana,0,0,0,0,0,0,0,100
27009459,2700706,Urbana,0,0,0,0,0,0,0,100
27226131,2700706,Urbana,0,0,0,0,0,0,0,100
27011844,2700805,Urbana,0,0,0,0,0,0,0,100
27009742,2700904,Urbana,0,0,0,0,0,0,0,100
27041603,2701001,Urbana,0,0,0,0,0,0,0,100
27026370,2701100,Urbana,0,0,0,0,0,0,0,100
27012115,2701209,Urbana,0,0,0,0,0,0,0,100
27026744,2701308,Urbana,0,0,0,0,0,0,0,100
27029166,2701357,Urbana,0,0,0,0,0,0,0,100
27051676,2701407,Rural,0,0,0,0,0,0,0,100
27041921,2701407,Urbana,0,0,0,0,0,0,0,100
27001237,2701605,Urbana,0,0,0,0,0,0,0,100
27027082,2701704,Urbana,0,0,0,0,0,0,0,100
27027457,2701704,Urbana,0,0,0,0,0,0,0,100
27004490,2701803,Urbana,0,0,0,0,0,0,0,100
27022277,2701902,Urbana,0,0,0,0,0,0,0,100
27022285,2701902,Urbana,0,0,0,0,0,0,0,100
27017702,2702009,Urbana,0,0,0,0,0,0,0,100
27027597,2702108,Urbana,0,0,0,0,0,0,0,100
27034240,2702207,Urbana,0,0,0,0,0,0,0,100
27226328,2702306,Rural,0,0,0,0,0,0,0,100
27042251,2702306,Urbana,0,0,0,0,0,0,0,100
27048268,2702306,Urbana,0,0,0,0,0,0,0,100
27226239,2702306,Urbana,0,0,0,0,0,0,0,100
27018016,2702355,Urbana,0,0,0,0,0,0,0,100
27003213,2702405,Urbana,0,0,0,0,0,0,0,100
27003221,2702405,Urbana,0,0,0,0,0,0,0,100
27003469,2702405,Urbana,0,0,0,0,0,0,0,100
27003515,2702405,Urbana,0,0,0,0,0,0,0,100
27004740,2702504,Urbana,0,0,0,0,0,0,0,100
27012166,2702553,Urbana,0,0,0,0,0,0,0,100
27018423,2702603,Rural,0,0,0,0,0,0,0,100
27018431,2702603,Rural,0,0,0,0,0,0,0,100
27018350,2702603,Urbana,0,0,0,0,0,0,0,100
27044726,2702702,Urbana,0,0,0,0,0,0,0,100
27018997,2702900,Rural,0,0,0,0,0,0,0,100
27018962,2702900,Urbana,0,0,0,0,0,0,0,100
27220087,2702900,Urbana,0,0,0,0,0,0,0,100
27022625,2703007,Rural,0,0,0,0,0,0,0,100
27022838,2703007,Urbana,0,0,0,0,0,0,0,100
27012611,2703106,Rural,0,0,0,0,0,0,0,100
27012620,2703106,Rural,0,0,0,0,0,0,0,100
27012638,2703106,Urbana,0,0,0,0,0,0,0,100
27044866,2703205,Urbana,0,0,0,0,0,0,0,100
27045129,2703205,Urbana,0,0,0,0,0,0,0,100
27230562,2703304,Rural,0,0,0,0,0,0,0,100
27001407,2703304,Urbana,0,0,0,0,0,0,0,100
27001750,2703304,Urbana,0,0,0,0,0,0,0,100
27009904,2703403,Urbana,0,0,0,0,0,0,0,100
27028380,2703502,Urbana,0,0,0,0,0,0,0,100
27032280,2703601,Urbana,0,0,0,0,0,0,0,100
27009998,2703700,Urbana,0,0,0,0,0,0,0,100
27028780,2703809,Rural,0,0,0,0,0,0,0,100
27028992,2703809,Rural,0,0,0,0,0,0,0,100
27029107,2703809,Rural,0,0,0,0,0,0,0,100
27216721,2703809,Rural,0,0,0,0,0,0,0,100
27029123,2703809,Urbana,0,0,0,0,0,0,0,100
27029336,2703908,Urbana,0,0,0,0,0,0,0,100
27043436,2704005,Urbana,0,0,0,0,0,0,0,100
27019608,2704104,Urbana,0,0,0,0,0,0,0,100
27020274,2704203,Urbana,0,0,0,0,0,0,0,100
27034674,2704302,Urbana,0,0,0,0,0,0,0,100
27034836,2704302,Urbana,0,0,0,0,0,0,0,100
27034852,2704302,Urbana,0,0,0,0,0,0,0,100
27034887,2704302,Urbana,0,0,0,0,0,0,0,100
27034917,2704302,Urbana,0,0,0,0,0,0,0,100
27035336,2704302,Urbana,0,0,0,0,0,0,0,100
27035573,2704302,Urbana,0,0,0,0,0,0,0,100
27035581,2704302,Urbana,0,0,0,0,0,0,0,100
27035590,2704302,Urbana,0,0,0,0,0,0,0,100
27035646,2704302,Urbana,0,0,0,0,0,0,0,100
27035662,2704302,Urbana,0,0,0,0,0,0,0,100
27035697,2704302,Urbana,0,0,0,0,0,0,0,100
27035700,2704302,Urbana,0,0,0,0,0,0,0,100
27035778,2704302,Urbana,0,0,0,0,0,0,0,100
27035786,2704302,Urbana,0,0,0,0,0,0,0,100
27035824,2704302,Urbana,0,0,0,0,0,0,0,100
27035832,2704302,Urbana,0,0,0,0,0,0,0,100
27035840,2704302,Urbana,0,0,0,0,0,0,0,100
27035875,2704302,Urbana,0,0,0,0,0,0,0,100
27035883,2704302,Urbana,0,0,0,0,0,0,0,100
27035930,2704302,Urbana,0,0,0,0,0,0,0,100
27035948,2704302,Urbana,0,0,0,0,0,0,0,100
27035980,2704302,Urbana,0,0,0,0,0,0,0,100
27036014,2704302,Urbana,0,0,0,0,0,0,0,100
27036022,2704302,Urbana,0,0,0,0,0,0,0,100
27036057,2704302,Urbana,0,0,0,0,0,0,0,100
27036421,2704302,Urbana,0,0,0,0,0,0,0,100
27036430,2704302,Urbana,0,0,0,0,0,0,0,100
27036448,2704302,Urbana,0,0,0,0,0,0,0,100
27036464,2704302,Urbana,0,0,0,0,0,0,0,100
27036480,2704302,Urbana,0,0,0,0,0,0,0,100
27036499,2704302,Urbana,0,0,0,0,0,0,0,100
27036553,2704302,Urbana,0,0,0,0,0,0,0,100
27036561,2704302,Urbana,0,0,0,0,0,0,0,100
27036588,2704302,Urbana,0,0,0,0,0,0,0,100
27036642,2704302,Urbana,0,0,0,0,0,0,0,100
27036650,2704302,Urbana,0,0,0,0,0,0,0,100
27036669,2704302,Urbana,0,0,0,0,0,0,0,100
27036677,2704302,Urbana,0,0,0,0,0,0,0,100
27036685,2704302,Urbana,0,0,0,0,0,0,0,100
27036707,2704302,Urbana,0,0,0,0,0,0,0,100
27036723,2704302,Urbana,0,0,0,0,0,0,0,100
27036758,2704302,Urbana,0,0,0,0,0,0,0,100
27036782,2704302,Urbana,0,0,0,0,0,0,0,100
27036790,2704302,Urbana,0,0,0,0,0,0,0,100
27036960,2704302,Urbana,0,0,0,0,0,0,0,100
27036987,2704302,Urbana,0,0,0,0,0,0,0,100
27036995,2704302,Urbana,0,0,0,0,0,0,0,100
27037010,2704302,Urbana,0,0,0,0,0,0,0,100
27037037,2704302,Urbana,0,0,0,0,0,0,0,100
27037045,2704302,Urbana,0,0,0,0,0,0,0,100
27037053,2704302,Urbana,0,0,0,0,0,0,0,100
27037061,2704302,Urbana,0,0,0,0,0,0,0,100
27037088,2704302,Urbana,0,0,0,0,0,0,0,100
27037118,2704302,Urbana,0,0,0,0,0,0,0,100
27037142,2704302,Urbana,0,0,0,0,0,0,0,100
27037150,2704302,Urbana,0,0,0,0,0,0,0,100
27037185,2704302,Urbana,0,0,0,0,0,0,0,100
27037258,2704302,Urbana,0,0,0,0,0,0,0,100
27037428,2704302,Urbana,0,0,0,0,0,0,0,100
27038297,2704302,Urbana,0,0,0,0,0,0,0,100
27038319,2704302,Urbana,0,0,0,0,0,0,0,100
27038467,2704302,Urbana,0,0,0,0,0,0,0,100
27038483,2704302,Urbana,0,0,0,0,0,0,0,100
27038491,2704302,Urbana,0,0,0,0,0,0,0,100
27038505,2704302,Urbana,0,0,0,0,0,0,0,100
27038521,2704302,Urbana,0,0,0,0,0,0,0,100
27038530,2704302,Urbana,0,0,0,0,0,0,0,100
27038556,2704302,Urbana,0,0,0,0,0,0,0,100
27038564,2704302,Urbana,0,0,0,0,0,0,0,100
27038572,2704302,Urbana,0,0,0,0,0,0,0,100
27038580,2704302,Urbana,0,0,0,0,0,0,0,100
27038599,2704302,Urbana,0,0,0,0,0,0,0,100
27038637,2704302,Urbana,0,0,0,0,0,0,0,100
27038653,2704302,Urbana,0,0,0,0,0,0,0,100
27038696,2704302,Urbana,0,0,0,0,0,0,0,100
27038734,2704302,Urbana,0,0,0,0,0,0,0,100
27039005,2704302,Urbana,0,0,0,0,0,0,0,100
27039013,2704302,Urbana,0,0,0,0,0,0,0,100
27050041,2704302,Urbana,0,0,0,0,0,0,0,100
27051161,2704302,Urbana,0,0,0,0,0,0,0,100
27053520,2704302,Urbana,0,0,0,0,0,0,0,100
27215024,2704302,Urbana,0,0,0,0,0,0,0,100
27216136,2704302,Urbana,0,0,0,0,0,0,0,100
27216519,2704302,Urbana,0,0,0,0,0,0,0,100
27216608,2704302,Urbana,0,0,0,0,0,0,0,100
27216616,2704302,Urbana,0,0,0,0,0,0,0,100
27216667,2704302,Urbana,0,0,0,0,0,0,0,100
27218163,2704302,Urbana,0,0,0,0,0,0,0,100
27220036,2704302,Urbana,0,0,0,0,0,0,0,100
27220044,2704302,Urbana,0,0,0,0,0,0,0,100
27220052,2704302,Urbana,0,0,0,0,0,0,0,100
27224546,2704302,Urbana,0,0,0,0,0,0,0,100
27224791,2704302,Urbana,0,0,0,0,0,0,0,100
27224929,2704302,Urbana,0,0,0,0,0,0,0,100
27225569,2704302,Urbana,0,0,0,0,0,0,0,100
27225674,2704302,Urbana,0,0,0,0,0,0,0,100
27225682,2704302,Urbana,0,0,0,0,0,0,0,100
27225968,2704302,Urbana,0,0,0,0,0,0,0,100
27226271,2704302,Urbana,0,0,0,0,0,0,0,100
27226930,2704302,Urbana,0,0,0,0,0,0,0,100
27226948,2704302,Urbana,0,0,0,0,0,0,0,100
27230040,2704302,Urbana,0,0,0,0,0,0,0,100
27235807,2704302,Urbana,0,0,0,0,0,0,0,100
27237400,2704302,Urbana,0,0,0,0,0,0,0,100
27253007,2704302,Urbana,0,0,0,0,0,0,0,100
27010090,2704401,Rural,0,0,0,0,0,0,0,100
27010503,2704401,Rural,0,0,0,0,0,0,0,100
27010074,2704401,Urbana,0,0,0,0,0,0,0,100
27032566,2704500,Urbana,0,0,0,0,0,0,0,100
27005224,2704609,Urbana,0,0,0,0,0,0,0,100
27036731,2704708,Urbana,0,0,0,0,0,0,0,100
27039412,2704708,Urbana,0,0,0,0,0,0,0,100
27354024,2704708,Urbana,0,0,0,0,0,0,0,100
27013405,2704807,Urbana,0,0,0,0,0,0,0,100
27013502,2704906,Urbana,0,0,0,0,0,0,0,100
27002063,2705002,Rural,0,0,0,0,0,0,0,100
27002020,2705002,Urbana,0,0,0,0,0,0,0,100
27002616,2705002,Urbana,0,0,0,0,0,0,0,100
27029654,2705101,Urbana,0,0,0,0,0,0,0,100
27225755,2705101,Urbana,0,0,0,0,0,0,0,100
27030105,2705200,Urbana,0,0,0,0,0,0,0,100
27013871,2705309,Urbana,0,0,0,0,0,0,0,100
27010767,2705408,Urbana,0,0,0,0,0,0,0,100
27030245,2705507,Urbana,0,0,0,0,0,0,0,100
27051633,2705507,Urbana,0,0,0,0,0,0,0,100
27030806,2705606,Urbana,0,0,0,0,0,0,0,100
27011100,2705705,Urbana,0,0,0,0,0,0,0,100
27011178,2705705,Urbana,0,0,0,0,0,0,0,100
27003892,2705804,Urbana,0,0,0,0,0,0,0,100
27021467,2705903,Urbana,0,0,0,0,0,0,0,100
27011577,2706000,Urbana,0,0,0,0,0,0,0,100
27005577,2706109,Urbana,0,0,0,0,0,0,0,100
27005852,2706208,Urbana,0,0,0,0,0,0,0,100
27013944,2706307,Rural,0,0,0,0,0,0,0,100
27013979,2706307,Rural,0,0,0,0,0,0,0,100
27014002,2706307,Rural,0,0,0,0,0,0,0,100
27014010,2706307,Rural,0,0,0,0,0,0,0,100
27014606,2706307,Rural,0,0,0,0,0,0,0,100
27046338,2706307,Rural,0,0,0,0,0,0,0,100
27226336,2706307,Rural,0,0,0,0,0,0,0,100
27226638,2706307,Rural,0,0,0,0,0,0,0,100
27226794,2706307,Rural,0,0,0,0,0,0,0,100
27013880,2706307,Urbana,0,0,0,0,0,0,0,100
27013928,2706307,Urbana,0,0,0,0,0,0,0,100
27013995,2706307,Urbana,0,0,0,0,0,0,0,100
27014029,2706307,Urbana,0,0,0,0,0,0,0,100
27014037,2706307,Urbana,0,0,0,0,0,0,0,100
27014088,2706307,Urbana,0,0,0,0,0,0,0,100
27014096,2706307,Urbana,0,0,0,0,0,0,0,100
27014932,2706307,Urbana,0,0,0,0,0,0,0,100
27014959,2706307,Urbana,0,0,0,0,0,0,0,100
27015068,2706307,Urbana,0,0,0,0,0,0,0,100
27006018,2706406,Rural,0,0,0,0,0,0,0,100
27006034,2706406,Rural,0,0,0,0,0,0,0,100
27005984,2706406,Urbana,0,0,0,0,0,0,0,100
27006050,2706406,Urbana,0,0,0,0,0,0,0,100
27006069,2706406,Urbana,0,0,0,0,0,0,0,100
27003108,2706422,Rural,0,0,0,0,0,0,0,100
27002950,2706422,Urbana,0,0,0,0,0,0,0,100
27047776,2706422,Urbana,0,0,0,0,0,0,0,100
27039560,2706448,Urbana,0,0,0,0,0,0,0,100
27033210,2706505,Urbana,0,0,0,0,0,0,0,100
27015114,2706604,Urbana,0,0,0,0,0,0,0,100
27015122,2706604,Urbana,0,0,0,0,0,0,0,100
27045145,2706703,Urbana,0,0,0,0,0,0,0,100
27045200,2706703,Urbana,0,0,0,0,0,0,0,100
27045234,2706703,Urbana,0,0,0,0,0,0,0,100
27045250,2706703,Urbana,0,0,0,0,0,0,0,100
27045552,2706703,Urbana,0,0,0,0,0,0,0,100
27045684,2706703,Urbana,0,0,0,0,0,0,0,100
27218589,2706703,Urbana,0,0,0,0,0,0,0,100
27045757,2706802,Urbana,0,0,0,0,0,0,0,100
27039595,2706901,Urbana,0,0,0,0,0,0,0,100
27039668,2706901,Urbana,0,0,0,0,0,0,0,100
27039960,2706901,Urbana,0,0,0,0,0,0,0,100
27023087,2707008,Urbana,0,0,0,0,0,0,0,100
27003973,2707107,Rural,0,0,0,0,0,0,0,100
27004368,2707107,Urbana,0,0,0,0,0,0,0,100
27004376,2707107,Urbana,0,0,0,0,0,0,0,100
27006590,2707206,Rural,0,0,0,0,0,0,0,100
27007057,2707206,Urbana,0,0,0,0,0,0,0,100
27031063,2707305,Urbana,0,0,0,0,0,0,0,100
27031365,2707305,Urbana,0,0,0,0,0,0,0,100
27033384,2707404,Urbana,0,0,0,0,0,0,0,100
27046265,2707503,Rural,0,0,0,0,0,0,0,100
27046303,2707503,Urbana,0,0,0,0,0,0,0,100
27046311,2707503,Urbana,0,0,0,0,0,0,0,100
27226808,2707602,Urbana,0,0,0,0,0,0,0,100
27040348,2707701,Rural,0,0,0,0,0,0,0,100
27040607,2707701,Rural,0,0,0,0,0,0,0,100
27040755,2707701,Rural,0,0,0,0,0,0,0,100
27040860,2707701,Rural,0,0,0,0,0,0,0,100
27038629,2707701,Urbana,0,0,0,0,0,0,0,100
27040240,2707701,Urbana,0,0,0,0,0,0,0,100
27040771,2707701,Urbana,0,0,0,0,0,0,0,100
27040836,2707701,Urbana,0,0,0,0,0,0,0,100
27226174,2707701,Urbana,0,0,0,0,0,0,0,100
27040984,2707909,Urbana,0,0,0,0,0,0,0,100
27007120,2708006,Rural,0,0,0,0,0,0,0,100
27007090,2708006,Urbana,0,0,0,0,0,0,0,100
27007448,2708006,Urbana,0,0,0,0,0,0,0,100
27007456,2708006,Urbana,0,0,0,0,0,0,0,100
27007618,2708006,Urbana,0,0,0,0,0,0,0,100
27007960,2708006,Urbana,0,0,0,0,0,0,0,100
27007987,2708006,Urbana,0,0,0,0,0,0,0,100
27225259,2708006,Urbana,0,0,0,0,0,0,0,100
27023516,2708105,Urbana,0,0,0,0,0,0,0,100
27021483,2708204,Urbana,0,0,0,0,0,0,0,100
27023583,2708303,Urbana,0,0,0,0,0,0,0,100
27226468,2708303,Urbana,0,0,0,0,0,0,0,100
27008177,2708402,Rural,0,0,0,0,0,0,0,100
27008452,2708402,Urbana,0,0,0,0,0,0,0,100
27008479,2708402,Urbana,0,0,0,0,0,0,0,100
27032159,2708501,Urbana,0,0,0,0,0,0,0,100
27224759,2708501,Urbana,0,0,0,0,0,0,0,100
27043622,2708600,Urbana,0,0,0,0,0,0,0,100
27043690,2708600,Urbana,0,0,0,0,0,0,0,100
27051617,2708600,Urbana,0,0,0,0,0,0,0,100
27033880,2708709,Urbana,0,0,0,0,0,0,0,100
27020509,2708808,Rural,0,0,0,0,0,0,0,100
27020320,2708808,Urbana,0,0,0,0,0,0,0,100
27041158,2708907,Urbana,0,0,0,0,0,0,0,100
27008827,2708956,Urbana,0,0,0,0,0,0,0,100
27015920,2709004,Urbana,0,0,0,0,0,0,0,100
27020819,2709103,Urbana,0,0,0,0,0,0,0,100
27044211,2709152,Urbana,0,0,0,0,0,0,0,100
27353036,2709152,Urbana,0,0,0,0,0,0,0,100
27227227,2709202,Rural,0,0,0,0,0,0,0,100
27021637,2709202,Urbana,0,0,0,0,0,0,0,100
27021645,2709202,Urbana,0,0,0,0,0,0,0,100
27022200,2709202,Urbana,0,0,0,0,0,0,0,100
27024016,2709301,Urbana,0,0,0,0,0,0,0,100
27024059,2709301,Urbana,0,0,0,0,0,0,0,100
27024067,2709301,Urbana,0,0,0,0,0,0,0,100
27024873,2709301,Urbana,0,0,0,0,0,0,0,100
27025047,2709301,Urbana,0,0,0,0,0,0,0,100
27025187,2709400,Rural,0,0,0,0,0,0,0,100
27025080,2709400,Urbana,0,0,0,0,0,0,0,100
27025519,2709400,Urbana,0,0,0,0,0,0,0,100
27025535,2709400,Urbana,0,0,0,0,0,0,0,100
